customer_code,customer_name,customer_group,email
C00001,SEDANO'S #05,SEDANO'S,SEDANOS05@SEDANOS.COM
C00002,SEDANO'S #20,SEDANO'S,SEDANOS20@SEDANOS.COM
C00003,RETAIL,OTHER,MENCHUDO@AOL.COM
C00004,SEDANO'S #07,SEDANO'S,SEDANOS07@SEDANOS.COM
C00005,SEDANO'S #24,SEDANO'S,SEDANOS24@SEDANOS.COM
C00006,SEDANO'S #21,SEDANO'S,SEDANOS21@SEDANOS.COM
C00007,SEDANO'S #18,SEDANO'S,SEDANOS18@SEDANOS.COM
C00008,SEDANO'S #15,SEDANO'S,SEDANOS15@SEDANOS.COM
C00009,SEDANO'S #22,SEDANO'S,SEDANOS22@SEDANOS.COM
C00010,SEDANO'S #14,SEDANO'S,SEDANOS14@SEDANOS.COM
C00011,SEDANO'S #17,SEDANO'S,SEDANOS17@SEDANOS.COM
C00012,SEDANO'S #09,SEDANO'S,SEDANOS09@SEDANOS.COM
C00013,SEDANO'S #27,SEDANO'S,SEDANOS27@SEDANOS.COM
C00014,SEDANO'S #10,SEDANO'S,SEDANOS10@SEDANOS.COM
C00015,JUNGLE ISLAND,OTHER,NALMODOVAR@JUNGLEISLAND.COM
C00016,SEDANO'S #16,SEDANO'S,SEDANOS16@SEDANOS.COM
C00017,SEDANO'S #26,SEDANO'S,SEDANOS26@SEDANOS.COM
C00018,SEDANO'S #11,SEDANO'S,SEDANOS11@SEDANOS.COM
C00019,SEDANO'S #08,SEDANO'S,SEDANOS08@SEDANOS.COM
C00020,SEDANO'S #23,SEDANO'S,EMARTIN@SEDANOS.COM
C00021,PERRICONE'S,OTHER,JCDC13@YAHOO.COM
C00022,UMIAMI-CHARTWELLS:UMIAMI_AUX SERVICES,CHARTWELLS,M.MCCLENDON@MIAMI.EDU
C00023,PENNY'S DEPARTMENT,OTHER,PENNYS@PENNYSONLINE.COM
C00024,SEDANO'S #04,SEDANO'S,SEDANOS04@SEDANOS.COM
C00025,WORLD INTERNATIONAL SECURITY,OTHER,OBDANIEL@BELLSOUTH.NET
C00026,SEDANO'S #30,SEDANO'S,SEDANOS30@SEDANOS.COM
C00027,SEDANO'S #28,SEDANO'S,SEDANOS28@SEDANOS.COM
C00028,SEDANO'S #29,SEDANO'S,SEDANOS29@SEDANOS.COM
C00029,SOUTHERN ALARM & SECURITY SYSTEMS,OTHER,FERNANDO@SOUTHERNALARMFL.COM
C00030,ROWLAND COFFEE,OTHER,JUANA.GUTIERREZ@ROWLAND.COFFEE
C00031,GARCIA'S SEAFOOD,OTHER,GFISHBURN23@AOL.COM
C00032,SEDANO'S #31,SEDANO'S,SEDANOS31@SEDANOS.COM
C00033,SEDANO'S #32,SEDANO'S,SEDANOS32@SEDANOS.COM
C00034,MIAMI PARKING AUTHORITY,OTHER,YREYES@MIAMIPARKING.COM
C00035,GLOBAL MIAMI J.V.,OTHER,ESALAZ@GLOBALMIA.COM
C00036,SEDANO'S #33,SEDANO'S,SEDANOS33@SEDANOS.COM
C00037,SEDANO'S #34,SEDANO'S,SEDANOS34@SEDANOS.COM
C00038,REIMAGINED PARKING - PARK ONE,REIMAGINED PARKING,INVOICES@REIMAGINEDPARKING.COUPAHOST.COM
C00039,ALBERT'S WHOLESALE & MARKET PLACE,OTHER,LAKESMARKET@ANGUILLANET.COM
C00040,MUNICIPAL MOTORS,OTHER,ANGLADE70@HOTMAIL.COM
C00041,SPICE ISLAND BEACH RESORT,OTHER,JANELLEHOPKIN@SPICEBEACHRESORT.COM
C00042,SEDANO'S #01,SEDANO'S,SEDANOS01@SEDANOS.COM
C00043,"WELLPATH- PEMBROKE PINES, FL",WELLPATH,MIMOORE@WELLPATH.US
C00044,INN ON 5TH,OTHER,CATHY.CHRISTOPHER@NOBLEHOUSEHOTELS.COM
C00045,PLANTERS INN,OTHER,MARC@SAVANNAHPLANTERSINN.COM
C00046,LEE GOLDSTEIN CONSTRUCTION,OTHER,BETSY@LGCMIAMI.COM
C00047,SEDANO'S #35,SEDANO'S,SEDANOS35@SEDANOS.COM
C00048,GEORGIAN TERRACE,OTHER,
C00049,PEABODY HOTEL,HHOA,ASHLEY.MCCALL@PEABODYMEMPHIS.COM
C00050,CIRCA 1886 RESTAURANT,OTHER,MSEVERS@CHARMINGINNS.COM
C00051,LA PLAYA BEACH & GOLF RESORT,OTHER,
C00052,SEDANO'S #36,SEDANO'S,SEDANOS36@SEDANOS.COM
C00053,MVP VALET PARKING,OTHER,JULIO.E.PARDO@MVPPARKING.NET
C00054,IRON HORSE COUNTRY CLUB,OTHER,HHALBAKKEN@IRONHORSEMT.COM
C00055,US PARKING,OTHER,SPERDOMO@USPARKINGINC.COM
C00056,SBG - CHESTERFIELD HOTEL,SOUTH BEACH GRP,ANDY.CARBALLO@SOUTHBEACHGROUP.COM
C00057,SOLE EAST RESORT,OTHER,CINDI@SOLEEAST.COM
C00058,WENTWORTH HOTEL,OTHER,
C00059,CITRUS HILLS COUNTRY CLUB,OTHER,LEE@CITRUSHILLS.COM
C00060,WESTWOOD CATERING LTD.,OTHER,PAULDESRIS@GMAIL.COM
C00061,RS PARKING,OTHER,RSPARKING@HOTMAIL.COM
C00062,SOUTH FLORIDA NATIONAL PARKS TRUST,OTHER,KMURPHY@SOUTHFLORIDAPARKS.ORG
C00063,CORAL GABLES PLUMBING,OTHER,BETTY@CORALGABLESPLUMBING.COM
C00064,"BAIRES VALET PARKING, INC.",OTHER,TUQUI_18@HOTMAIL.COM
C00065,SHELL POINT RETIREMENT COMMUNITY,OTHER,HOMECARE@SHELLPOINT.ORG
C00066,DISCOVERY POINT CLUB,OTHER,VACATION@DISCOVERYPOINTCLUB.COM
C00067,BASIN PARK HOTEL,OTHER,CODYROBERTS1905@GMAIL.COM
C00068,UMIAMI-CHARTWELLS:UMIAMI-CHARTWELLS RETAIL,CHARTWELLS,ROSHENA.CHARLTON@COMPASS-USA.COM
C00069,UMIAMI-CHARTWELLS:UMIAMI-CHARTWELLS CATERING,CHARTWELLS,W.FRANKLIN@MIAMI.EDU
C00070,PONTE VEDRA INN & CLUB,OTHER,SSTEPHENS@PVRESORTS.COM
C00071,FISHER ISLAND CLUB,OTHER,CRIVERA@FISHERISLANDCLUB.COM
C00072,GRAND BEACH HOTEL,GRAND BEACH,SVARGAS@GRANDBEACHHOTEL.COM
C00073,INN AT CHRISTMAS PLACE,OTHER,JAN@INNATCHRISTMASPLACE.COM
C00075,SEDANO'S #37,SEDANO'S,SEDANOS37@SEDANOS.COM
C00076,FLAGSHIP RESORT,OTHER,MARYP@60NORTH.NET
C00077,TURNIP ROSE,OTHER,NEDDSHERBANEE@TURNIPROSE.COM
C00079,ROSEN SHINGLE CREEK RESORT,ROSEN,MMEDINA@ROSENHOTELS.COM
C00080,KOMBERT CATERERS,OTHER,PARTY@KOMBERTCATERERS.COM
C00081,ROSEN CENTRE HOTEL,ROSEN,ROSENPURCHASING@ROSENHOTELS.COM
C00082,OCEAN REEF CLUB,OTHER,AVALDES@OCEANREEF.COM
C00083,PANADERIA 20 DE JULIO,OTHER,LUCHO412@GMAIL.COM
C00084,SBG - RIVIERA HOTEL,SOUTH BEACH GRP,ANDY.CARBALLO@SOUTHBEACHGROUP.COM
C00085,SHADY GLEN RESTAURANT & ICE CREAM PARLOR,OTHER,HOCH.WILLIAM@YAHOO.COM
C00086,METROPOLITAN CLUB,OTHER,RMOREIRA@METCLUB.ORG
C00087,OLDE MILL INN,OTHER,NMARTIN@OLDEMILLINN.COM
C00088,AMERICAN VALET,OTHER,RICHARD@AMERICANVALET.COM
C00089,"APC HOSPITALITY, LLC",OTHER,FINANCE@APCHOSPITALITY.COM
C00090,SEDANO'S #38,SEDANO'S,SEDANOS38@SEDANOS.COM
C00091,SEDANO'S #40,SEDANO'S,SEDANOS40@SEDANOS.COM
C00092,SEDANO'S #41,SEDANO'S,SEDANOS41@SEDANOS.COM
C00093,BILTMORE HOTEL,OTHER,JSAYLOR@BILTMOREHOTEL.COM
C00094,PULLMAN HOTEL - MIAMI,OTHER,AILEEN.HUE@ACCOR.COM
C00095,PARKING SYSTEMS OF AMERICA,OTHER,TFREY@PARKINGSYSTEMSOFAMERICA.COM
C00096,BELLINI CONDO,OTHER,HCONA@CASTLEGROUP.COM
C00097,OTESAGA RESORT HOTEL,HHOA,PSCHILLING@OTESAGA.COM
C00098,CHEEN HUAYE RESTAURANT,OTHER,VELA1617@BELLSOUTH.NET
C00099,RB PROPERTIES -- WASHINGTON PLAZA HOTEL,OTHER,MEBO@RBPROPERTIESINC.COM
C00100,NATIONAL HOTEL,OTHER,OPERATIONS@NATIONALHOTEL.COM
C00101,EVEREADY DINER,OTHER,PSROCK1@AOL.COM
C00102,BETSY HOTEL,OTHER,YRAMOS@THEBETSYHOTEL.COM
C00103,UMIAMI-CHARTWELLS,CHARTWELLS,ANDREWHALL@MIAMI.EDU
C00104,GROVENOR HOUSE,FSR,GHMGR@GROVENORHOUSECONDO.COM
C00105,ARMY NAVY CLUB,OTHER,MPECKHAM@ARMYNAVYCLUB.ORG
C00106,METROPOLITAN HEALTHCARE SERVICE MHS,OTHER,DTRAN@MHS97.COM
C00107,UIA MANAGEMENT,OTHER,SLOPEZ@UIAMANAGEMENT.COM
C00108,LAZ PARKING,OTHER,CHGARCIA@LAZPARKING.COM
C00109,ROSEN INN AT POINTE ORLANDO,ROSEN,MMEDINA@ROSENHOTELS.COM
C00110,ROSEN INN @6327,ROSEN,MMEDINA@ROSENHOTELS.COM
C00111,ROSEN PLAZA,ROSEN,MMEDINA@ROSENHOTELS.COM
C00112,QUALITY PARKING SERVICE,OTHER,BEN@VALETPARKING.COM
C00113,"LUCKETT HOLDINGS, INC",OTHER,RSABSOLU@COMMEILFAUT.COM
C00114,WATERS EDGE AT GIOVANNIS,OTHER,JOANN@GIOVANNIS.COM
C00115,PARK INC,OTHER,LEWISG@PARKINC.COM
C00116,BLOCKADE RUNNER BEACH RESORT,OTHER,GRETCHEN.MADDEN@BLOCKADE-RUNNER.COM
C00117,ELIOT HOTEL,OTHER,JPAULAUSKAS@ELIOTHOTEL.COM
C00118,G&D LANDSCAPING,OTHER,GANDDLANDSCAPING.ING@GMAIL.COM
C00119,HOTEL MAJESTIC,OTHER,VPVMGMT@GMAIL.COM
C00120,NEWPORT BEACHSIDE HOTEL & RESORT,OTHER,PCOSTA@NEWPORTBEACHSIDERESORT.COM
C00121,UMIAMI-HR DEPARTMENT,OTHER,LCARRENO@MIAMI.EDU
C00122,ROSEN INN LAKE BUENA VISTA,ROSEN,ROSENPURCHASING@ROSENHOTELS.COM
C00123,ROSEN INN INTERNATIONAL,ROSEN,ROSENPURCHASING@ROSENHOTELS.COM
C00124,VALET PARK OF AMERICA,OTHER,TDUVAL@VALETPARKOFAMERICA.COM
C00125,ENCORE HOSPITALITY-CA,OTHER,HLEONCRUZ@TOWNEPARK.COM
C00126,BELL TOWER HOTEL,OTHER,HOUSEKEEPING@BELLTOWERHOTEL.COM
C00127,HYATT REGENCY CHESAPEAKE,HYATT,TYWANDA.JOLLEY@HYATT.COM
C00128,VPNE PARKING SOLUTIONS,OTHER,JRODRIGUEZ@VPNE.COM
C00129,PALM BEACH SHORES RESORT,OTHER,PPINNOCK@DMRESORTS.COM
C00130,BRAZILIAN COURT HOTEL,OTHER,NDAMOTA@BRAZILIANCOURT.COM
C00131,AAA PARKING,OTHER,EBRYANT@AAAPARKING.COM
C00132,CARILLON HOTEL & SPA,OTHER,MARCELLA.ALMEIDA@CARILLONHOTEL.COM
C00133,SBG - TRADEWINDS,SOUTH BEACH GRP,
C00134,CLUB AT ADMIRALS COVE,OTHER,NLANDON@ADMIRALSCOVE.NET
C00135,MJ VALET,OTHER,MJASSER@MJVALET.COM
C00136,OCEAN SKY HOTEL & RESORT,OTHER,ACCOUNTSPAYABLE@OCEANSKYRESORT.COM
C00137,OCEAN GRILL,OTHER,JOEYREPLOGLE@YAHOO.COM
C00138,WORLD CLASS PARKING,OTHER,ADMIN@WORLDCLASSPARKING.NET
C00139,OMNI LA MANSION DEL RIO,HHOA,SABRINA.NAVARRO@OMNIHOTELS.COM
C00140,MUTINY HOTEL,OTHER,DLOPEZ@MUTINYHOTEL.COM
C00141,CHARLES HOTEL,OTHER,MARCSHERIDAN@CHARLESHOTEL.COM
C00142,DON CESAR HOTEL,HHOA,JHICKS@DONCESAR.COM
C00143,HILTON - MIAMI DOWNTOWN,HILTON,CRISTOBAL.MIRABAL@HILTON.COM
C00144,INN AT PELICAN BAY,OTHER,RGERVASI@INNATPELICANBAY.COM
C00145,BILMAR BEACH RESORT,OTHER,FACILITIES@BILMARBEACHRESORT.COM
C00146,ATLANTIC HOTEL & SPA,OTHER,SNEWSOME@ATLANTICHOTELFL.COM
C00147,ACE PARKING,OTHER,MICHELLE_BOTTOMLEY@ACEPARKING.COM
C00148,SETAI,OTHER,DCOETZER@THESETAIHOTEL.COM
C00149,SOUTH DADE LAWN CARE,OTHER,EDUCATEYOURSELF100@YAHOO.COM
C00150,SEDANO'S - MAIN OFFICE,SEDANO'S,INFO@SEDANOS.COM
C00151,SEDANO'S #42,SEDANO'S,SEDANOS42@SEDANOS.COM
C00152,PALAZZO DEL SOL & DELLA LUNA,KW PROPERTIES,NMILO@KWPMC.COM
C00153,VICTORY CASINO CRUISES,OTHER,FEDGECOMBE@VICTORYCANAVERAL.COM
C00154,HOTEL BETHLEHEM,HHOA,KRONALDS@HOTELBETHLEHEM.COM
C00155,MISSION INN RESORT & CLUB,OTHER,MPURSER@MISSIONINNRESORT.COM
C00156,FISH HOPPER RESTAURANT,OTHER,HAWAIIADMIN@FISHHOPPER.COM
C00157,DIPLOMAT RESORT & SPA,OTHER,EMILIYA.FRANK@DIPLOMATRESORT.COM
C00158,ONSITE,OTHER,ASHLEY@ONSITEMIAMI.COM
C00159,WATKINS GLEN HARBOR HOTEL,OTHER,SWATSON@HARTHOTELS.COM
C00160,EMBASSY SUITES-CHARLESTON,HILTON,MATT.HOLLEY@HILTON.COM
C00161,GRAND BEACH HOTEL SURFSIDE,GRAND BEACH,SVARGAS@GRANDBEACHHOTEL.COM
C00162,CHEVY CHASE CLUB,OTHER,JAC@CHEVYCHASECLUB.ORG
C00163,SBG - LINCOLN ARMS SUITES,SOUTH BEACH GRP,ANDY.CARBALLO@SOUTHBEACHGROUP.COM
C00164,GREAT AMERICAN RESTAURANTS,OTHER,KATIE.FULLER@GAR-SC.COM
C00165,BETHESDA BY THE SEA,OTHER,TURIA@BBTS.ORG
C00166,HILTON - NASHVILLE DOWNTOWN,HILTON,
C00167,MY HEATHERS,OTHER,MYHEATHERSHK@GMAIL.COM
C00168,ACQUA FRESCA,OTHER,DANIELLE@ACQUAFRESCAMIAMI.COM
C00169,RB PROPERTIES -- STATE PLAZA HOTEL,OTHER,MEBO@RBPROPERTIESINC.COM
C00170,SAMAR HOSPITALITY,OTHER,KMAYR@SAMARHOSPITALITY.COM
C00171,LETS GO SAILING,OTHER,BILLGLADD@GMAIL.COM
C00172,OCEANA KEY BISCAYNE,FSR,ADMIN@OCEANAKB.COM
C00173,LA CANTERA HILL COUNTRY RESORT,OTHER,CTARALUNGA@LACANTERARESORT.COM
C00174,SLS HOTEL SOUTH BEACH,OTHER,LUIS.E.GARCIA@SLSHOTELS.COM
C00175,BEACH CLUB-PALM BEACH,OTHER,JOY@THEBEACHCLUB.NET
C00176,OASIS MARINAS,OTHER,TCOE@OASISMARINAS.COM
C00177,GLOBAL PARKING SERVICES,OTHER,NELLY@GLOBALPARKSERVICES.COM
C00178,CHEROKEE PLANTATION,OTHER,TERRI@CHEROKEEPLANTATION.COM
C00179,PARROT CAY RESORT,OTHER,LOVELEE.SANDIEGO@COMOHOTELS.COM
C00180,JC PARKING,OTHER,CSEGRERA@JCPARKING.COM
C00181,GREEN REPUBLIC,OTHER,RAUL@GREENREPUBLICLANDSCAPING.COM
C00182,RIVERSIDE HEALTH SYSTEMS,OTHER,CAROLYN.SMITH@RIVHS.COM
C00184,OCEAN 5 HOTEL,OTHER,KEVIN@OCEANFIVE.COM
C00185,OKLAHOMA CITY GOLF & RESORT CLUB,OTHER,CSMITH@OKCGCC.COM
C00186,SALVADOR PARK TENNIS CENTER,OTHER,LEANDROTENNISPRO@GMAIL.COM
C00187,SOUTH SEAS ISLAND RESORT,OTHER,TBREDAHL@SOUTHSEAS.COM
C00188,COCONUT BAY BEACH RESORT & SPA-ST. LUCIA,OTHER,SCHIN@CBAYRESORT.COM
C00189,SALVATION ARMY-N.CAROLINA,OTHER,KIMBERLY.CUNDIFF@USS.SALVATIONARMY.ORG
C00190,PEGASO CORPORATION,OTHER,EASCIOLLA@PEGASOCORP.COM
C00191,ZG VALET,OTHER,VICTOR@ZGVALET.COM
C00192,MANSIONS AT ACQUALINA,OTHER,JGISSON@MANSIONSATACQUALINA.COM
C00193,RB PROPERTIES   HENLEY PARK HOTEL,HHOA,MEBO@RBPROPERTIESINC.COM
C00194,RB PROPERTIES   MORRISON CLARK INN,HHOA,MEBO@RBPROPERTIESINC.COM
C00195,RB PROPERTIES   HOTEL LOMBARDY,HHOA,MEBO@RBPROPERTIESINC.COM
C00196,UNITED SERVICES INC.,OTHER,CCONDINA@UNITEDSERVICESINC.NET
C00197,TARGET TEMP REFRIGERATION,OTHER,ANTHONYAC1@YAHOO.COM
C00198,NEME GASTRO BAR,OTHER,NEME23@MAC.COM
C00199,MIAMI PARKING INC.,OTHER,FRANCISCO@PARKMP.COM
C00200,SOMERSET ON GRACE BAY,OTHER,KSTUBBS@THESOMERSET.COM
C00201,CARIBBEAN PROPERTY MANAGEMENT,OTHER,JUANC@CARIBBEANPROPERTY.CC
C00202,EAU PALM BEACH RESORT & SPA,OTHER,SARAH.MCKNIGHT@EAUPALMBEACH.COM
C00203,TWENTY TWO GROUP,OTHER,ADRIANA@THE22GROUP.COM
C00204,SBG - WHITELAW HOTEL,SOUTH BEACH GRP,ANDY.CARBALLO@SOUTHBEACHGROUP.COM
C00205,BRIDGE TO HOPE,OTHER,VANESSA@BRIDGETOHOPE.NET
C00206,WARWICK HOTEL RITTENHOUSE,OTHER,RAY.HEWITT@WARWICKRITTENHOUSE.COM
C00207,ZARA'S CENTER,OTHER,DEBORAHPBRIGGS@GMAIL.COM
C00208,LEEDS PARKING SERVICES,OTHER,LEEDSPARKING@GMAIL.COM
C00209,ACQUALINA RESORT,OTHER,MALLORY.RIVERA@ACQUALINA.COM
C00210,SHUSTER DEVELOPMENT,OTHER,JINGWEN@DVORALIFE.COM
C00211,DENISON PARKING,OTHER,JHEDGE@DENISONPARKING.COM
C00212,MERIDIAN CONDO,OTHER,MSUERO@KWPMC.COM
C00213,REMINGTON PLAZA HOA,OTHER,ALBERT@REMINGTONPLAZAHOA.COM
C00214,SANTA BARBARA INN,OTHER,JDEARINGER@SANTABARBARAINN.COM
C00215,DREAM SOUTH BEACH HOTEL,OTHER,DSOSA@DREAMHOTELS.COM
C00216,WESTIN GRAND CAYMAN,OTHER,ETIENNE.LESSARD@WESTIN-CAYMAN.COM
C00217,OCEANA BAL HARBOUR,KW PROPERTIES,ADMIN@OCEANABH.COM
C00218,"ACCESS PARKING MANAGEMENT, LLC",OTHER,BOLOYEDE@ACCESSPMLLC.COM
C00219,VALET CONNECT,OTHER,YCHACIN@VALETCONNECT.NET
C00220,CONTINENTAL RX,OTHER,PERALJ@CONTINENTALRX.COM
C00221,EAST HOTEL,OTHER,RICHARDFERNANDEZ@SWIREHOTELS.COM
C00222,SAN JUAN HOTEL,OTHER,JESSICA@SJHSOUTHBEACH.COM
C00223,DOUGLAS PARKING,OTHER,JASON@DOUGLASPARKING.COM
C00224,BLUMAN EQUESTRIAN,OTHER,EPSTEIN.524@GMAIL.COM
C00225,HILTON - NAPLES,HILTON,ISABELLA.HERNANDEZ@HILTON.COM
C00226,SOUTH FLORIDA CONDO MGT,OTHER,PAYABLES@SFLAMGT.COM
C00227,MOSAICIST,OTHER,RAY@MOSAICIST.COM
C00228,HARD ROCK UNIVERSAL ORLANDO,LOEWS HOTELS,MFORD@LOEWSHOTELS.COM
C00229,FIRST IMPRESSION VALET,OTHER,TOM@FIRSTIMPRESSIONVALET.COM
C00230,ARTECH RESIDENCE,OTHER,ASSISTANTMGR@ARTECHRESIDENCES.COM
C00231,UMIAMI-CHARTWELLS:UMIAMI-CHARTWELLS LENNAR,CHARTWELLS,JARROD.MILLS@COMPASS-USA.COM
C00232,HAMILTON'S VALET SERVICES,OTHER,CONTACT@HAMILTONSVALETSERVICES.COM
C00233,TOWN OF MEDLEY,OTHER,SGUASCH@TOWNOFMEDLEY.COM
C00234,HILTON - DAYTONA BEACH RESORT,HILTON,BMCMICHAEL@DAYTONAHILTON.COM
C00235,CHATEAU BEACH CONDO,FSR,MANAGER@CHATEAUBEACH.NET
C00236,HILTON - COCOA BEACH OCEANFRONT,HILTON,NICHOLE.MCCARTHY@HILTON.COM
C00237,IBEROSTAR 70 PARK AVENUE HOTEL,OTHER,NYPDIR@IBEROSTAR.COM
C00238,BISCAYNE BEACH MIAMI CONDO,FSR,ASSISTANTMANAGER@BISCAYNEBEACHRESIDENCES.NET
C00239,WDW SWAN & DOLPHIN RESORT,OTHER,WESLEY.OBRIST@SWANDOLPHIN.COM
C00240,RIVERSIDE HOTEL,OTHER,MCANALES@RIVERSIDEHOTEL.COM
C00241,SAILFISH POINT,OTHER,B.MULDOON@SAILFISHPOINT.COM
C00242,MANDARIN ORIENTAL - MIAMI,OTHER,ADHANNA@MOHG.COM
C00243,RIVERSIDE HOTEL:HOUSEKEEPING,OTHER,GPRIOLEAU@RIVERSIDEHOTEL.COM
C00244,UMIAMI- BASCOM PALMER EYE INSTITUTE,U OF M GROUP,MSANJUAN@MED.MIAMI.EDU
C00245,CHARMANT HOTEL,OTHER,KKRUEGER@THECHARMANTHOTEL.COM
C00246,GROVE AT GRAND BAY,KW PROPERTIES,CCHACON@KWPMC.COM
C00247,COMMANDERS PALACE,OTHER,BEN@COMMANDERSPALACE.COM
C00248,TURTLE CREEK CLUB,OTHER,FB@TURTLECREEKCLUB.COM
C00249,CITY OF WEST PALM BEACH,OTHER,SSAMUELS@WPB.ORG
C00250,DESIGNA,OTHER,LISA.FARRUGIA@DESIGNA.COM
C00251,SRIRACHA HOUSE,OTHER,EJBENZADON@AOL.COM
C00252,STELLA HOTEL,OTHER,CSKALABAN@THESTELLAHOTEL.COM
C00253,UMIAMI-GABLES ONE TOWER FINANCE,GABLES ONE,LCARRENO@MIAMI.EDU
C00254,BROADWAY,OTHER,RAZA@WORTHROSS.COM
C00255,YACHT HARBOUR ASSOCIATION,OTHER,CCALDERON@KWPMC.COM
C00256,ABACO BEACH RESORT & BOAT HARBOUR,OTHER,CONTROLLER@ABACOBEACHRESORT.COM
C00257,EDGE HOTEL,OTHER,GM@EDGEHOTELNYC.COM
C00258,200 PATTERSON CONDOMINIUMS,OTHER,PAULA.J@WORTHROSS.COM
C00259,INN AND SUITES AT RIVERWALK,OTHER,
C00260,B OCEAN FORT LAUDERDALE,OTHER,MERYL.FLYNN@BOCEANFORTLAUDERDALE.COM
C00261,XCITE - FKA PINNACLE,OTHER,RSANTELLANA@PINNACLEAHS.COM
C00262,BEACH CLUB II,FSR,MANAGER@BEACHCLUBTWO.COM
C00263,LEAPFROG INSURANCE INC.,OTHER,ELI.MARTIN@JIBINC.NET
C00264,RESORTS WORLD BIMINI,OTHER,KIMBERLEY.DOMBRE@RWBIMINI.COM
C00265,KINGSAIL RESORT,OTHER,SHELBY@TPBRESORTS.COM
C00266,ROSEN PARRAMORE PS 8 FOUNDATION INC,ROSEN,ROSENPURCHASING@ROSENHOTELS.COM
C00267,HAMMOCK BEACH RESORT,OTHER,DJACKSON@HAMMOCKBEACH.COM
C00268,C.A.P. GOVERNMENT,OTHER,CELLISON@CAPFLA.COM
C00269,ELECTRONIC TECHNOLOGY SOLUTIONS,OTHER,ELECTRONICTECHSOL@GMAIL.COM
C00270,GRAND BEACH HOTEL BAY HARBOR,GRAND BEACH,SVARGAS@GRANDBEACHHOTEL.COM
C00271,DOUBLETREE SUITES BY HILTON PHOENIX,HILTON,BRENT.STUTTS@DOUBLETREEPHOENIX.COM
C00272,MARCO POLO BEACH RESORT,OTHER,GM@MARCOPOLOBEACHRESORT.COM
C00273,INTERCARIBBEAN,OTHER,NADEGE.GIBSON@INTERCARIBBEAN.COM
C00274,SRI--- SEAGRASS VILLAGE OF FLEMING ISLAND,SRI,DAVID.DAYTON@SRIMGT.COM
C00275,DELOITTE UNIVERSITY,OTHER,JKEATHLEY@DELOITTE.COM
C00276,OHEKA CASTLE,HHOA,SKESSLER@OHEKA.COM
C00277,ALLIED UNIVERSAL,OTHER,JOSE.CHAVARRIA@AUS.COM
C00278,SRI--- CLAIBORNE OF MCCOMB,SRI,TODD.FILIPPONE@SRIMGT.COM
C00279,SRI--- CLAIBORNE AT HATTIESBURG,SRI,LBOLING@THECLAIBORNE.COM
C00280,PINNACLE CONDOMINIUM,OTHER,PINNACLEAPM@AKAM.COM
C00281,1886 CRESCENT HOTEL & SPA,HHOA,CRESCENTROOMSDIVISION@GMAIL.COM
C00282,SRI--- SRI MANAGEMENT LLC.,SRI,DAVID.DAYTON@SRIMGT.COM
C00283,SRI--- THE LANDING OF PANAMA CITY BEACH,SRI,LATISHA.CROOM@SEAGRASSVILLAGEPCB.COM
C00284,"RITZ-CARLTON, ST. THOMAS",RITZ-CARLTON,JO-ANNE.FELIX@RITZCARLTON.COM
C00285,COMPASS USA-CHARTWELLS FIU,CHARTWELLS,ALEJANDRO.POLANCO@COMPASS-USA.COM
C00286,CVPS SOLUTIONS,OTHER,JOHN.DANIELS@CVPS.SOLUTIONS
C00287,PRIVE,KW PROPERTIES,OPERATIONS@PRIVEATISLANDESTATES.CO
C00288,TPC SAWGRASS,OTHER,LORIWELTY@PGATOURTPC.COM
C00289,SRI--- SUPERIOR RESIDENCES OCALA,SRI,
C00290,MIRAGE CONDO,KW PROPERTIES,MSUERO@KWPMC.COM
C00291,RESTLESS DEVELOPMENT,OTHER,SHELDONPEARCE63@GMAIL.COM
C00292,SRI--- SUPERIOR RESIDENCES BRANDON,SRI,
C00293,EVOLUTION PARKING,OTHER,BELLIS@EVOLUTIONPGS.COM
C00294,SRI--- CLAIBORNE AT THIBODAUX,SRI,RTALBOT@THECLAIBORNE.COM
C00295,ARTECITY PARK,KW PROPERTIES,TMUNOZ@KWPMC.COM
C00296,BRICKELL HEIGHTS,KW PROPERTIES,NKNITTEL@KWPMC.COM
C00297,BRICKELL HEIGHTS:EAST TOWER,KW PROPERTIES,MSUERO@KWPMC.COM
C00298,BRICKELL HEIGHTS:WEST TOWER,KW PROPERTIES,CODIO@KWPMC.COM
C00299,MONDRIAN SOUTH BEACH HOTEL,OTHER,CZAWADZKAS@MONDRIANSOUTHBEACH.COM
C00300,CONRAD FT. LAUDERDALE BEACH,OTHER,PAM.ROBINSON@CONRADHOTELS.COM
C00301,HILTON - PHILADELPHIA PENN'S LANDING,HILTON,REBECCA.WREDBERG@HILTON.COM
C00302,USC HOTEL,OTHER,LEE113@USC.EDU
C00303,RUSTIC INN,OTHER,INFO@RUSTICJH.COM
C00304,SEDANO'S ECOMMERCE MARKETPLACE,SEDANO'S,
C00305,TISHMAN SPEYER-ONE BUSH ST.,OTHER,KRIVERA@TISHMANSPEYER.COM
C00306,SRI--- ARBORS OF GULF BREEZE,SRI,JACKIE.HAYES@ARBORSOFGULFBREEZE.COM
C00307,MR. C COCONUT GROVE,OTHER,LBALDONI@MRCHOTELS.COM
C00308,GRAND ASSOCIATION,OTHER,C.DWECK@GRANDCONDOMINIUM.COM
C00309,PGA NATIONAL RESORT & SPA,OTHER,ABBEY.LUNA@PGARESORT.COM
C00310,MARK HOTEL,OTHER,SHIRLEY.VERA@THEMARKHOTEL.COM
C00311,HOTEL ARYA - COCONUT GROVE,OTHER,MARI@HOTELARYACG.COM
C00312,MARINOS PIZZA,OTHER,GERADIGI@HOTMAIL.COM
C00313,AVIATION SERVICE - ST. LUCIA,OTHER,FRANCIS.S@AVIATIONSERVICESSTLUCIA.COM
C00314,RENAISSANCE CLEVELAND HOTEL,OTHER,MEGAN.OREILLY@RENAISSANCEHOTELS.COM
C00315,CUPERTINO HOTEL,OTHER,FDMGR@CGHOTELGROUP.COM
C00316,PARK GROVE -MASTER ASSOCIATION,KW PROPERTIES,YMOREJON@KWPMC.COM
C00317,SOURCE HOTEL,OTHER,KWYZGOSKI@THESOURCEHOTEL.COM
C00318,JADE BEACH,FSR,AMGR@JBMIAMI.COM
C00319,CHG - GRADUATE PROVIDENCE,COLLEGIATE HOSPITALITY,jware@schultehospitality.com
C00320,SRI--- BEACON AT GULF BREEZE,SRI,DAWN.ALEXANDER@THEBEACONSENIORLIVING.COM
C00321,SALVADOR PARK TENNIS CENTER:TIER ONE TENNIS,OTHER,RGOMEZ@CORALGABLES.COM
C00322,MYSTIQUE AT PELICAN BAY,OTHER,FRONTDESK@MYSTIQUECONDO.COM
C00323,UMIAMI-UHEALTH SYSTEM,U OF M GROUP,K.CENTENO1@MED.MIAMI.EDU
C00324,BEACH CLUB 3,OTHER,MANAGER@BEACHCLUB3.COM
C00325,SRI--- SUMMER VISTA,SRI,MMARTIN@SUMMERVISTA.COM
C00326,WOODCLIFF HOTEL AND SPA,OTHER,MKINNEY@WOODCLIFFHOTELSPA.COM
C00327,CHG - GRADUATE KNOXVILLE,COLLEGIATE HOSPITALITY,KIRK.FIGGINS@HILTON.COM
C00328,CHG - GRADUATE COLUMBIA,COLLEGIATE HOSPITALITY,MTHOMPSON@HOTELABACUSATHENS.COM
C00329,CHG - GRADUATE BERKELEY,COLLEGIATE HOSPITALITY,vrodriguez@graduateberkeley.com
C00330,CHG - GRADUATE SEATTLE,COLLEGIATE HOSPITALITY,ANDREW.HARRIS1@schultehospitality.com
C00331,CHG - GRADUATE OXFORD,COLLEGIATE HOSPITALITY,CHUCK.ESTEY@SCHULTEHOSPITALITY.COM
C00332,CHG - GRADUATE ANNAPOLIS,COLLEGIATE HOSPITALITY,ALAN.NABBEFELD@HILTON.COM
C00333,CHG - GRADUATE ANN ARBOR,COLLEGIATE HOSPITALITY,CHRISTOPHER.TOMLINSON@SCHULTEHOSPITALITY.COM
C00334,DOUBLETREE BY HILTON COLORADO SPRINGS,HILTON,GREENEJ@COLORADOSPRINGSDOUBLETREE.COM
C00335,SOUTH FLORIDA CONDO MGT:GABLES ON THE GREEN,OTHER,MCUNEO@SFLAMGT.COM
C00336,UMIAMI-GABLES ONE TOWER HR,GABLES ONE,LCARRENO@MIAMI.EDU
C00337,CHG - GRADUATE EUGENE,COLLEGIATE HOSPITALITY,GREGG.SLONIGER@HILTON.COM
C00338,OXFORD EXCHANGE,OTHER,KEVINB@OXFORDEXCHANGE.COM
C00339,CHG - GRADUATE IOWA CITY,COLLEGIATE HOSPITALITY,RACHEL.CICERO@SCHULTEHOSPITALITY.COM
C00340,JA UNIFORMS,OTHER,BOOKKEEPING@JAUNIFORMS.COM
C00341,HAWTHORNE HOTEL,OTHER,AFERRIERO@HAWTHORNEHOTEL.COM
C00342,GRAND HOTEL | SILICON VALLEY,OTHER,FCOBURN@CGHOTELGROUP.COM
C00343,ROSEN MEDICAL CENTER,ROSEN,RGONZALEZ@ROSENHOTELS.COM
C00344,HAWKS CAY RESORT,OTHER,NICOLA.BENNETT@HAWKSCAY.COM
C00345,RENAISSANCE ARUBA RESORT & CASINO,OTHER,AKUIS@ARUBARENAISSANCE.COM
C00346,FAIRMONT ROYAL PAVILION,OTHER,TAWANDA.THOMPSON@FAIRMONT.COM
C00347,HOTEL LE JOLIE,OTHER,GM@HOTELLEJOLIE.COM
C00348,CHG - GRADUATE STATE COLLEGE,COLLEGIATE HOSPITALITY,CFAZ@SCHULTEHOSPITALITY.COM
C00349,BRICKELL FLATIRON,KW PROPERTIES,PM@BRICKELLFLATIRON.COM
C00350,CHG - GRADUATE FAYETTEVILLE,COLLEGIATE HOSPITALITY,KKLEIN@SCHULTEHOSPITALITY.COM
C00351,ROSEN MIDPOINTE HOTEL,ROSEN,ROSENPURCHASING@ROSENHOTELS.COM
C00352,CURACAO MARRIOTT BEACH RESORT,OTHER,MARK.NOOREN@CURACAO-MARRIOTT.COM
C00353,PARAISO BAY RESIDENCES,FSR,ASSTMANAGER@PARAISOBAYMGMT.COM
C00354,LSF SHUTTLE,OTHER,CCRUZ@TRANSPORTATIONAMERICA.COM
C00355,SRI--- VILLAGE VERANDA  AT LADY LAKE,SRI,VICKI.ATWATER@VILLAGEVERANDA.COM
C00356,CHG - GRADUATE STORRS,COLLEGIATE HOSPITALITY,robert.seguin@schultehospitality.com
C00357,CHG - GRADUATE NEW HAVEN,COLLEGIATE HOSPITALITY,ADION@SCHULTEHOSPITALITY.COM
C00358,CHG - GRADUATE COLUMBUS,COLLEGIATE HOSPITALITY,reed.smith@schultehospitality.com
C00359,CHG - GRADUATE NASHVILLE,COLLEGIATE HOSPITALITY,DAVID.JAMES@HILTON.COM
C00360,CRYSTAL GATEWAY MARRIOTT,OTHER,KAZEEM.ADEBEKUN@MARRIOTT.COM
C00361,CHG - GRADUATE MINNEAPOLIS,COLLEGIATE HOSPITALITY,AANDERSON@SCHULTEHOSPITALITY.COM
C00362,SRI--- SUNFLOWER SPRINGS-TRINITY,SRI,DOROTHY.MAPPIN@SUNFLOWERATTRINITY.COM
C00363,ROSEN TANGELO PARK PRESCHOOL,ROSEN,ROSENPURCHASING@ROSENHOTELS.COM
C00364,LUXE PARKING MANAGEMENT,OTHER,JLUNA@LUXEPARKINGMGMT.COM
C00365,SRI--- HERON HOUSE,SRI,ANNAMARIA.GALVEZ@HERONHOUSESARASOTA.COM
C00366,SRI--- HERON CLUB OF PRESTANCIA,SRI,BRIDGET.CONCORS@HERONCLUBSARASOTA.COM
C00367,SRI--- HERON EAST,SRI,DAVID.DAYTON@SRIMGT.COM
C00368,SRI--- COVE AT MARSH LANDING,SRI,CHRIS.INGOLD@THECOVEATMARSHLANDING.COM
C00369,BRICKELLHOUSE CONDO,OTHER,ADMIN@BRICKELLHOUSE.NET
C00370,EMBASSY SUITES ST. AUGUSTINE BEACH,HILTON,JASON.KERN@HILTON.COM
C00371,IVEY'S HOTEL,OTHER,KYLE.DEHONT@THEIVEYSHOTEL.COM
C00372,METROPOLIS,METROPOLIS,
C00373,CHG - GRADUATE ATHENS,COLLEGIATE HOSPITALITY,AKITSON@SCHULTEHOSPITALITY.COM
C00374,SRI--- SEAGRASS VILLAGE PORT ORANGE,SRI,SANDRA.DAVIS@SEAGRASSVILLAGEPO.COM
C00375,UMIAMI-BASCOM PALMER OPTHALMOLOGY DOCTORS,U OF M GROUP,IJB28@MED.MIAMI.EDU
C00376,LOEWS LAKEWOOD,LOEWS HOTELS,TONI.SMITH@LOEWSHOTELS.COM
C00377,ARTE SURFSIDE,FSR,IBASSALIAN@SAPIR.COM
C00378,BUNGALOWS KEY LARGO,OTHER,KARYN@RESORTJH.COM
C00379,CHG - GRADUATE MADISON,COLLEGIATE HOSPITALITY,DAVID.FRISKE@SCHULTEHOSPITALITY.COM
C00380,PICCOLO PASO ROBLES,OTHER,PAULAO@PASOROBLESINN.COM
C00381,MORGAN RESORT & SPA,OTHER,LYANG@THEMORGANRESORT.COM
C00382,CHG - GRADUATE BLOOMINGTON,COLLEGIATE HOSPITALITY,CPARTON@SCHULTEHOSPITALITY.COM
C00383,TISHMAN SPEYER-595 MARKET ST.,OTHER,
C00384,SRI--- COLONNADE NORTHDALE,SRI,RACHEL.SMITH@COLONNADENORTHDALE.COM
C00385,SRI--- COLONNADE BECKETT LAKE,SRI,ROBERT.JENNINGS@SRIMGT.COM
C00386,SRI--- COLONNADE AT CARROLLWOOD,SRI,ROBERT.JENNINGS@SRIMGT.COM
C00387,REEF AT MARATHON,OTHER,LYFLORES@CAPITALVACATIONS.COM
C00388,UMIAMI-BASCOM PALMER SOCIAL SERVICES,U OF M GROUP,MXE242@MED.MIAMI.EDU
C00389,UMIAMI- BASCOM PALMER EYE INSTITUTE OPHTHALMOLOGY STUDENT,U OF M GROUP,ENORTON@MED.MIAMI.EDU
C00390,SEDANO'S #43,SEDANO'S,SEDANOS43@SEDANOS.COM
C00391,AVIATION SERVICE - GRENADA,OTHER,CLAUDIAN.FRANK@ASG.GD
C00392,CHG - GRADUATE CHAPEL HILL,COLLEGIATE HOSPITALITY,ATILLMAN@SCHULTEHOSPITALITY.COM
C00393,BAEUMLER CONSTRUCTION,OTHER,RON@CAERULAMAR.COM
C00394,UMIAMI-HEALTH PATIENT TRANSPORTATION,U OF M GROUP,G.GIRAL@UMIAMI.EDU
C00395,BODY HOLIDAY-ST LUCIA,OTHER,GENEVIEVE@SUNSWEPTRESORTS.COM
C00396,CHG - GRADUATE LINCOLN,COLLEGIATE HOSPITALITY,MLANCTOT@SCHULTEHOSPITALITY.COM
C00397,SBG - CATALINA HOTEL,SOUTH BEACH GRP,
C00398,"RITZ-CARLTON, GRAND CAYMAN",RITZ-CARLTON,JOSEPH.BALJIAN@RITZCARLTON.COM
C00399,PROVIDENCE TARZANA MEDICAL CENTER,OTHER,PAM.EGENDORFER@PROVIDENCE.ORG
C00400,SBG - HOTEL SHELLEY,SOUTH BEACH GRP,ANDY.CARBALLO@SOUTHBEACHGROUP.COM
C00401,TIDES INN,OTHER,SWILLIAMSON@TIDESINN.COM
C00402,UMIAMI- BASCOM PALMER ANNE BATES,U OF M GROUP,MSANJUAN@MED.MIAMI.EDU
C00403,SBG - HOLLYWOOD SUITES,SOUTH BEACH GRP,
C00404,SBG - SEASIDE APARTMENT HOTEL,SOUTH BEACH GRP,ANDY.CARBALLO@SOUTHBEACHGROUP.COM
C00405,OCEAN HOUSE SOUTH BEACH,OTHER,COLIN.SCARLETT@FSRESIDENTIAL.COM
C00406,SBG - CHELSEA HOTEL,SOUTH BEACH GRP,ANDY.CARBALLO@SOUTHBEACHGROUP.COM
C00407,MARRIOTT HARBOR BEACH FT LAUDERDALE,MARRIOTT,TISHAYLA.HINSEY@MARRIOTT.COM
C00408,SBG - OCEANSIDE,SOUTH BEACH GRP,ANDY.CARBALLO@SOUTHBEACHGROUP.COM
C00409,UMIAMI-GABLES ONE TOWER TRAVEL,GABLES ONE,COLIVA@MIAMI.EDU
C00410,MONTAGE PALMETTO BLUFF,MONTAGE,
C00411,EASY COPY SYSTEMS,OTHER,EASYCOPYSYSTEMS@GMAIL.COM
C00412,SBG - HOTEL CROYDON,SOUTH BEACH GRP,ANDY.CARBALLO@SOUTHBEACHGROUP.COM
C00413,UMIAMI - SYLVESTER CANCER CENTER,U OF M GROUP,MXR2217@MED.MIAMI.EDU
C00414,SRI--- THE CANOPY AT WARNER ROBINS,SRI,ANN.BEASLEY@THECANOPYATWARNERROBINS.COM
C00415,SRI--- SUNFLOWER SPRINGS-HOMOSASSA,SRI,MICHELE.EDELSTON@SUNFLOWERSPRINGS.COM
C00416,SHORE CLUB,OTHER,NTIAMOAH.NIMAKO@SBE.COM
C00417,CHG - GRADUATE CINCINNATTI,COLLEGIATE HOSPITALITY,BWELLMAN@schultehospitality.com
C00418,LODGING & LEISURE INVESTMENTS,OTHER,TSTORK@LODGINGLEISURE.COM
C00419,SBG - METROPOLE SUITES SOUTH BEACH,SOUTH BEACH GRP,ANDY.CARBALLO@SOUTHBEACHGROUP.COM
C00420,L'ATELIER CONDOMINIUM ASSOCIATION,KW PROPERTIES,fd@lateliercondo.net
C00421,SRI--- THE CANOPY AT AZALEA GROVE,SRI,LEE.ANDREWS@THECANOPYATAZALEAGROVE.COM
C00423,SP PLUS,OTHER,CLARIOS@SPPLUS.COM
C00424,SEASON'S FRESH,OTHER,MDOBAL@BELLSOUTH.NET
C00425,BEACHWALK AT HALLANDALE CONDO,OTHER,ASSISTADMIN@BEACHWALKCONDO.NET
C00426,MARRIOTT ORLANDO DOWNTOWN,MARRIOTT,MICHAEL.HINKS@MARRIOTTORLANDODOWNTOWN.COM
C00427,HALL GROUP,OTHER,JFOWLER@HALLARTS.COM
C00428,CORAL RIDGE COUNTRY CLUB,OTHER,BRAD.KING@CORALRIDGECC.COM
C00429,APOGEE CONDO,OTHER,NDIGIOVANNI@APOGEESOUTHBEACH.COM
C00430,CHG - GRADUATE RICHMOND,COLLEGIATE HOSPITALITY,GCLARK@SCHULTEHOSPITALITY.COM
C00431,CHG - GRADUATE CHARLOTTESVILLE,COLLEGIATE HOSPITALITY,MNEUFELD@SCHULTEHOSPITALITY.COM
C00432,DALMAR HOTEL,OTHER,JOE.LAFLEUR@THEDALMAR.COM
C00433,BOCA WEST COUNTRY CLUB,OTHER,JCRAUL@BOCAWESTCC.ORG
C00434,SRI--- NEW HAVEN AT LITTLE RIVER,SRI,KATHLEEN.DOUGLASS@NEWHAVENCAROLINA.COM
C00435,SRI--- SEAGRASS VILLAGE OF GULF SHORES,SRI,PAIGE.DAVISON@SEAGRASSVILLAGEGS.COM
C00436,CHG - GRADUATE TEMPE,COLLEGIATE HOSPITALITY,BSMITH@SCHULTEHOSPITALITY.COM
C00437,SRI--- THE CANOPY AT BOYNTON RIDGE,SRI,CINDY.ASHLEY@THECANOPYATBOYNTONRIDGE.COM
C00438,CHG - GRADUATE TUCSON,COLLEGIATE HOSPITALITY,JODY.HALL@HILTON.COM
C00439,CORAL BEACH CLUB,OTHER,CECILEEPPERSON@CORALBEACH.BM
C00440,ATLANTIC SAPPHIRE,OTHER,MAURELIO@ATLANTICSAPPHIRE.COM
C00441,LEGACY PARKING,OTHER,BBUTKUS@LEGACYPARKING.COM
C00442,FILLABAG,OTHER,RIONDAM@GMAIL.COM
C00443,ELYSEE CONDOMINIUM,KW PROPERTIES,MANAGER@ELYSEEMIAMI.COM
C00444,HOTEL MAREN,HILTON,STUART.LEVY@HILTON.COM
C00445,CHG - GRADUATE EVANSTON,COLLEGIATE HOSPITALITY,MPASCHAL@SCHULTEHOSPITALITY.COM
C00446,SRI--- THE CANOPY AT WALDEN WOODS,SRI,TAMMY.SIMPSON@THECANOPYATWALDENWOODS.COM
C00447,ROADS HOME HEALTH CARE,OTHER,SDOBBINS@THEROADSHH.COM
C00448,ATLANTIC PARKING SERVICES,OTHER,RREANO@ATLANTICPRKG.COM
C00449,300 COLLINS CONDO,OTHER,300COLLINSMGR@APMANAGEMENT.NET
C00450,CITY OF HIALEAH,OTHER,YGRUICH@HIALEAHFL.GOV
C00451,CHG - GRADUATE NEW YORK,COLLEGIATE HOSPITALITY,SESTACIO@SCHULTEHOSPITALITY.COM
C00452,MAGIC SQUAD DENTAL,OTHER,MANAGEMENT@MAGICSQUADDENTAL.COM
C00453,HYDE BEACH HOUSE,OTHER,AGRAICHEN@SOSOUTHFL.COM
C00454,HOTEL AT KIRKWOOD CENTER,OTHER,BRADLEY.STUART@KIRKWOOD.EDU
C00455,PAVILION HOTEL,OTHER,MPERALEZ@SCICO.COM
C00456,ASIA CONDO,OTHER,ADMIN@ASIAMIA.COM
C00457,LOEWS KANSAS CITY HOTEL,LOEWS HOTELS,KEVIN.KILKENNY@LOEWSHOTELS.COM
C00458,EMBASSY SUITES- CHARLESTON HARBOR,HILTON,
C00459,METROPOLIS AT DADELAND,OTHER,METMGR@APMANAGEMENT.NET
C00460,TOWNE PARK,TOWNE PARK,PURCHASING@TOWNEPARK.COM
C00461,CARRIAGE HOUSE,OTHER,CPITCHER@CARRIAGEHOUSEPB.COM
C00462,SHARP SHOT PEST,OTHER,INFO@SHARPSHOTINC.COM
C00463,NEWSTEAD BELMONT HILLS GOLF & SPA RESORT,OTHER,KAMILA.BEAN@BELMONTHILLS.COM
C00464,ORION GLOBAL HOLDINGS,OTHER,INFO@ORIONGH.COM
C00465,5350 PARK,OTHER,MANAGER@5350PARK.NET
C00466,5300 PASEO,OTHER,MANAGER@5300PASEO.COM
C00467,WVU MEDICINE,OTHER,JANNA.YODER@WVUMEDICINE.ORG
C00468,SAGAMORE,OTHER,TGUAY@THESAGAMORE.COM
C00469,ANGAD ARTS HOTEL,OTHER,JOHN.SCHULER@ANGADARTSHOTEL.COM
C00470,UMIAMI-BASCOM PALMER OPTHALMOLOGY NAPLES,U OF M GROUP,AXM3237@MIAMI.EDU
C00471,UMIAMI-UHEALTH PRIMARY CARE,U OF M GROUP,AMD384@MED.MIAMI.EDU
C00472,DOUBLETREE HILTON JACKSONVILLE RIVERFRONT,HILTON,LJERIDO@DOUBLETREEJAX.COM
C00473,UMIAMI- BASCOM PALMER CLINICAL RESEARCH,U OF M GROUP,JXF2809@MED.MIAMI.EDU
C00474,PARKWAY INN,OTHER,WINSTON@RUSTICJH.COM
C00475,UMIAMI-BASCOM PALMER IMAGING,U OF M GROUP,M.GARCES42@MIAMI.EDU
C00476,ANN ARBOR REGENT,OTHER,DHURLBURT@ANNARBORREGENT.COM
C00477,CHG - GRADUATE EAST LANSING,COLLEGIATE HOSPITALITY,BDOME@SCHULTEHOSPITALITY.COM
C00478,RESIDENCE AT BATH CLUB,OTHER,MANAGER@BATHCLUBRESIDENCES.COM
C00479,ST. REGIS BAL HARBOUR,OTHER,KASHMIRA.MANECKJI@STREGIS.COM
C00480,LAS VEGAS PARKING INC.,OTHER,BRANDAN@LVPARKING.COM
C00481,PESTANA PARK AVENUE,OTHER,JOSECARLOS.FERNANDES@PESTANA.COM
C00482,SRI--- BAYPORT OF FT. WALTON,SRI,ROSHANDRA.HUTCHISON@BAYPORTFORTWALTONBEACH.COM
C00483,DOUBLETREE HILTON HOLLYWOOD BEACH,HILTON,NPEREZ@SOSOUTHFL.COM
C00484,CONSOLIDATED PARKING EQUIPMENT,OTHER,AGARCIA@CONSOLIDATEDPARKING.COM
C00485,50A DEVELOPER LLC,OTHER,ECAJIGAS@SWIREPROPS.COM
C00486,UMIAMI-BASCOM PALMER OPTHA NAPLES EMPLOYE,U OF M GROUP,YXR196@MED.MIAMI.EDU
C00487,SBG - WATERSIDE HOTEL,SOUTH BEACH GRP,ANDY.CARBALLO@SOUTHBEACHGROUP.COM
C00488,5 STAR VALET,OTHER,JANNA@5STARNAPLES.COM
C00489,HOTEL WASHINGTON,OTHER,CBASSETT@THEHOTELWASHINGTON.COM
C00490,BAL HARBOUR TOWER,OTHER,HK@BALHARBOURTOWER.ORG
C00491,NORTH AMERICAN PROPERTIES @ AVALON,OTHER,NICOLE.BOSSHARDT@NAPROPERTIES.COM
C00492,UMIAMI- BASCOM PALMER PLANTATION,U OF M GROUP,SMCMILLAN@MED.MIAMI.EDU
C00493,OCEAN VILLAGE CONDOMINUM,OTHER,FSOLANO@ALLIEDPROPERTYGROUP.NET
C00494,BILTMORE 2 CONDO,OTHER,CONCIERGE@BILTMORE2.COM
C00495,GOLDEN ARK VALET,OTHER,GOLDENARKGROUP@GMAIL.COM
C00496,PEAK PARKING,OTHER,MORGAN.RIBAR@PEAKPARKING.COM
C00497,INTERCONTINENTAL HOTEL MIAMI,OTHER,PIER.RACCUGLIA1@IHG.COM
C00498,HYATT REGENCY BIRMINGHAM,HYATT,NEIL.BUFFINGTON@HYATT.COM
C00499,ONE OCEAN CONDO,OTHER,JPORTER@APMANAGEMENT.NET
C00500,87 PARK MIAMI,OTHER,PM@EIGHTYSEVEN-PARK.COM
C00501,UMIAMI-BASCOM PALMER CLINICAL SERVICES,U OF M GROUP,M.GARCES42@MIAMI.EDU
C00502,UMIAMI- BASCOM PALMER ANNE BATES EMPLOYEE,U OF M GROUP,LFJ23@MED.MIAMI.EDU
C00503,UMIAMI-UHEALTH RADIOLOGY,U OF M GROUP,BXV164@MIAMI.EDU
C00504,UMIAMI-BASCOM PALMER NEUROLOGY,U OF M GROUP,CXA532@MED.MIAMI.EDU
C00505,PARK ROYAL CITY HOTEL,OTHER,MAGALYRODRIGUEZ@PARK-ROYALHOTELS.COM
C00506,UMIAMI-GABLES ONE TOWER EBS,GABLES ONE,VBARNET@MED.MIAMI.EDU
C00507,UMIAMI-UHEALTH TRANSFER CENTER,U OF M GROUP,L.HOULE@UMIAMI.EDU
C00508,RETINA CONSULTANTS OF MIAMI,OTHER,JDIAZMD1@GMAIL.COM
C00509,IPARK SOLUTIONS,OTHER,CVINICE@IPARKCO.COM
C00510,HILTON - MARCO ISLAND BEACH RESORT,HILTON,KARIE.URSERY@HILTON.COM
C00511,UMIAMI- BASCOM PALMER LASER VISION,U OF M GROUP,ERV21@MED.MIAMI.EDU
C00512,ROSEN AQUATIC & FITNESS CENTER,ROSEN,RGONZALEZ@ROSENHOTELS.COM
C00513,KIMPTON COTTONWOOD HOTEL,OTHER,NCAROLUS@THECOTTONWOODHOTEL.COM
C00514,RENDEZVOUS RESORT,OTHER,GENEVIEVE@SUNSWEPTRESORTS.COM
C00515,SOUTH TOWER AT THE POINT,OTHER,MANAGER@SOUTHTOWERCONDO.COM
C00516,LE PARC AT BRICKELL,KW PROPERTIES,DPAPETTI@KWPMC.COM
C00517,ESSENCE CATERERS,OTHER,PAUL@ESSENCECATERERS.COM
C00518,LUMEN HOTEL,COLLEGIATE HOSPITALITY,FSMRZ@THELUMENDALLAS.COM
C00519,SBG- MAIN OFFICE,SOUTH BEACH GRP,ANDY.CARBALLO@SOUTHBEACHGROUP.COM
C00520,UMIAMI-UHEALTH CMO EMPLOYEE,U OF M GROUP,DGRONDONA@MED.MIAMI.EDU
C00521,GRAND BAY CLUB,OTHER,RGARIBAY@GRANDBAYCLUB.COM
C00522,PETERBILT STORE,OTHER,LTOBON@THEPETESTORE.COM
C00523,ESTATES AT ACQUALINA,OTHER,EstatesManager@estatesatacqualina.com
C00524,SODEXO LIVE! - HARDROCK,OTHER,
C00525,BEN HOTEL - WEST PALM BEACH,OTHER,JOE.PISTORIO@THEBENWESTPALM.COM
C00526,SRI--- WESTHILL NEWNAN CROSSING,SRI,SHANNON.DATTILO@WESTHILLNEWNANCROSSING.COM
C00527,GRAND BAY TOWER CONDOS,KW PROPERTIES,KCASTILLA@KWPMC.COM
C00528,KNEWSALES GROUP,OTHER,JULIA@KNEWSALES.COM
C00529,SRI--- RESIDENCES AT OAK GROVE,SRI,JORDAN.COOK@SRIMGT.COM
C00530,LAUGHLIN RANCH GOLF CLUB,OTHER,AALLEN@LAUGHLINRANCH.COM
C00531,HOTEL DROVER,OTHER,RON.HARRIS@SILVERTONCASINO.COM
C00532,WINDJAMMER LANDING,OTHER,GTOBIERRE@WINDJAMMER-LANDING.COM
C00533,BAR HARBOR GRAND HOTEL,OTHER,JEANNINE.BROOKS@BARHARBORGRAND.COM
C00534,UMIAMI-UHEALTH UROLOGY,U OF M GROUP,VVA8@MED.MIAMI.EDU
C00535,UMIAMI-UHEALTH PEDIATRICS,U OF M GROUP,KHALL3@MED.MIAMI.EDU
C00536,KIMPTON EPIC HOTEL,OTHER,ROBERT.CENTENO@AREA31RESTAURANT.COM
C00537,SARASOTA MEMORIAL HEALTHCARE SYSTEM,OTHER,JOSHUA-BIRCHFIELD@SMH.COM
C00538,MONACO YACHT CLUB & RESIDENCES,KW PROPERTIES,APRIETO@KWPMC.COM
C00539,ATRIUM BEACH RESORT,OTHER,ANEWTON2@LATOURGROUP.COM
C00541,ATLANTA ATHLETIC CLUB,OTHER,AVL@AAC1.ORG
C00542,GLOBAL LOGISTICS PARTNERSHIP,OTHER,YONASGM@ACCESSPMLLC.COM
C00543,ROSEN - MILLENNIUM TECHNOLOGY GROUP,ROSEN,LDEADY@MTG-FL.COM
C00544,DREAM INN,OTHER,JCARRERA@DREAMINNSC.COM
C00545,ROSEN HOTELS - PURCHASING,ROSEN,XSCHIMMELPFENNIG@ROSENHOTELS.COM
C00546,BVI PORTS AUTHORITY,OTHER,SMERCER@BVIPORTS.ORG
C00547,MARLIN HOTEL,OTHER,ISMERIS@THEMARLINHOTEL.COM
C00548,UMIAMI-BASCOM PALMER BALKIN,U OF M GROUP,ABROAD@MIAMI.EDU
C00549,UMIAMI-UHEALTH EXECUTIVE PATIENT,U OF M GROUP,GMGARCIA@MED.MIAMI.EDU
C00550,UNITED PARKING LLC,OTHER,RMZ@UNITEDPARKINGVALET.COM
C00551,LOEWS PORTOFINO BAY HOTEL AT UNIVERSAL,LOEWS HOTELS,CVISCOSI@LOEWSHOTELS.COM
C00552,CLARIDGE,OTHER,WTERRY@THECLARIDGE.ORG
C00553,HOTEL INDIGO VANCOUVER WATERFRONT,OTHER,AGMSTAYBRIDGE@MKMHOTELS.COM
C00554,MARGARITAVILLE BEACH RESORT - NASSAU,OTHER,LATOYA.KEMP@MARGARITAVILLERESORTNASSAU.COM
C00555,SRI--- THE CANOPY AT HICKORY CREEK,SRI,DIANA.KUZMA@THECANOPYATHICKORYCREEK.COM
C00556,TWO ISLAND ESTATES MAINT. ASSOCIATION,KW PROPERTIES,PM@ISLANDESTATESASSOCIATIONS.COM
C00557,UMIAMI- ENVIROMENTAL HEALTH & SAFETY,U OF M GROUP,JXP2129@MED.MIAMI.EDU
C00558,MANDARIN ORIENTAL - CANOUAN,OTHER,PBROWN@MOHG.COM
C00559,BARBUDA OCEAN CLUB,OTHER,MTHOMSON@BARBUDAOCEANCLUB.COM
C00560,EATON DC,OTHER,MIMI@EATONWORKSHOP.COM
C00561,MOHONK MOUNTAIN HOUSE,OTHER HOTEL,MLORA@MOHONK.COM
C00562,SARASOTA YACHT CLUB,OTHER,SHAUNAMCNALLY624@GMAIL.COM
C00563,TOP TALENT STAFFING,OTHER,GABY@TOPTALENTUSA.COM
C00564,S. LOPEZ SPRINKLER,OTHER,
C00565,TOWERS ELEVATORS SERVICES,OTHER,TOWERSELEVATORSERVICE@GMAIL.COM
C00566,COMPASS GROUP CHARTWELLS UF,CHARTWELLS,TEJAL.PATEL@COMPASS-USA.COM
C00567,HOTEL DU PONT,OTHER,KMILLER@HOTELDUPONT.COM
C00568,LOEWS CORAL GABLES,LOEWS HOTELS,MARGARETHE.JAVELLANA@LOEWSHOTELS.COM
C00569,SRI--- INDIGO CAROLINA FOREST,SRI,TRAVIS.HOFFMAN@INDIGOCAROLINAFOREST.COM
C00570,LOEWS MIAMI BEACH,LOEWS HOTELS,CHANDLER.HOLLAND@LOEWSHOTELS.COM
C00571,ELEVATE HOSPITALITY,OTHER,JT@ELEVATEHOSPITALITY.US
C00572,LOEWS CORONADO BAY,LOEWS HOTELS,ABIBLER@LOEWSHOTELS.COM
C00573,RESIDENCE DU CAP,OTHER,ADMIN@RESIDENCEDUCAP.COM
C00574,FOUR SEASONS NEVIS,OTHER,MARCOS.RODRIGUES@FOURSEASONS.COM
C00575,500 BRICKELL,KW PROPERTIES,PROPERTYMANAGER@500BRICKELLMASTER.COM
C00576,MALLIOUHANA,OTHER,RAQUEL.FLEMING@AUBERGERESORTS.COM
C00577,PRIME STEAK CONCEPTS,OTHER,TARA@PRIMESTEAKCONCEPTS.COM
C00578,AMERICAN QUEEN VOYAGES,OTHER,TERI.MARTIN@AQVOYAGES.COM
C00579,LOEWS ENDLESS SUMMER,LOEWS HOTELS,CHANDLER.HOLLAND@LOEWSHOTELS.COM
C00580,OMNI OKLAHOMA CITY,OTHER,KTHEUS@OMNIHOTELS.COM
C00581,UMIAMI- BASCOM PALMER OUTREACH,U OF M GROUP,SAG380@MED.MIAMI.EDU
C00582,AC HOTEL RALEIGH NORTH HILLS,MARRIOTT,ANTHONY.ZINANI@CONCORDHOTELS.COM
C00583,FAIRLANE HOTEL,OTHER,ADAM@FAIRLANEHOTEL.COM
C00584,MOORINGS CLUB - HAWKS NEST,OTHER,SARENDAS@THEMOORINGSCLUB.COM
C00585,CUTTERS CIGAR & SPIRITS,OTHER,IDELATORRES92@GMAIL.COM
C00586,NOBU HOTEL AT EDEN ROC,OTHER,
C00587,HOTEL YOUNTVILLE,OTHER,MARITSAVICTORIAN@REMINGTONHOTELS.COM
C00588,MISSONI BAIA,KW PROPERTIES,CCAMARGO@KWPMC.COM
C00589,SRI--- SEAGRASS VILLAGE OF DAPHNE,SRI,HOLLY.STEWART@SEAGRASSVILLAGEDAPHNE.COM
C00590,5252 PASEO,FSR,MANAGER@5252PASEO.NET
C00591,SAFARI HOSPITALITY,OTHER,TALAUNA@SAFARIHOSPITALITY.COM
C00592,AURORA ANGUILLA RESORT & GOLF CLUB,OTHER,NKUMAR@AURORAANGUILLA.COM
C00593,UMIAMI- BASCOM PALMER OPHTHALMIC PB,U OF M GROUP,sam542@med.miami.edu
C00594,UMIAMI- BASCOM PALMER CLINICAL PROGRAM,U OF M GROUP,EPRIMUS@MED.MIAMI.EDU
C00595,UMIAMI-UHEALTH SYLVESTER,U OF M GROUP,C.IRELAND@MED.MIAMI.EDU
C00596,CARIBBEAN RESORT & SUITES,OTHER,LFLORES@FLORESCORP.NET
C00597,CHG - GRADUATE PALO ALTO,COLLEGIATE HOSPITALITY,NANCY.ESCALONA@HILTON.COM
C00598,RIVERS CASINO - PITTSBURGH,OTHER,ASTEWART@RUSHST.COM
C00599,HILTON - LOS ANGELES,HILTON,PATRICK.CALLINAN@SUNHILLPROP.COM
C00600,BATH & TENNIS CLUB,OTHER,SCOTT@BATHANDTENNISCLUB.COM
C00601,HOTEL TAMPA RIVERWALK,OTHER,KEITH.MARR@SCHULTEHOSPITALITY.COM
C00602,TAGHLEEF INDUSTRIES INC,OTHER,JACKIE.BECKER@TI-FILMS.COM
C00603,SRI--- THE CANOPY AT DUVAL STATION,SRI,LESLIE.NOSTRANT@THECANOPYATDUVALSTATION.COM
C00604,MDPD - INTRACOASTAL DISCTRICT STATION,OTHER,U304276@MDPD.COM
C00605,BARDESSONO HOTEL & SPA,OTHER,MARITSAVICTORIAN@REMINGTONHOTELS.COM
C00606,MAJESTIC TOWERS,OTHER,NHERMIDA@CASTLEGROUP.COM
C00607,MR. HOSPITALITY,OTHER,
C00608,MARRIOTT STANTON SOUTH BEACH,MARRIOTT,ANA.GOMEZ@MARRIOTT.COM
C00609,RESIDENCE INN BY MARRIOTT - SHREVEPORT,MARRIOTT,TELLIS.SHVRI@GMAIL.COM
C00610,DIVI LITTLE BAY BEACH RESORT,OTHER,LA-REINE.PINARD@DIVIRESORTS.COM
C00611,ADS TECHNOLOGY,OTHER,SERGIO@ADSTECHSYSTEMS.COM
C00612,NED NOMAD,OTHER,PAULINA.PADILLA@THENED.COM
C00613,FOUR SEASONS ANGUILLA,OTHER,LIZBETH.LUNA@FOURSEASONS.COM
C00614,CARLYLE PROPERTY MANAGEMENT,OTHER,LORTIZ@CCCNYC.COM
C00615,LOEWS REGENCY NEW YORK,LOEWS HOTELS,MCARTER@LOEWSHOTELS.COM
C00616,LOUTREL HOTEL,OTHER,CGIROUX@THELOUTREL.COM
C00617,HILTON - GALLERYONE,HILTON,RAFAEL.BENITEZ@HILTON.COM
C00618,INN AT HARBOR SHORES,OTHER,BCOHEN@INNATHARBORSHORES.COM
C00619,S&SZ PARKING,OTHER,SOLOMONSHIF36@GMAIL.COM
C00620,RITTENHOUSE HOTEL,OTHER,AMARTIN@RITTENHOUSEHOTEL.COM
C00621,"CHAVIANO LAW FIRM, P.A.",OTHER,ROSALY@CHAVIANOLAW.COM
C00622,HYATT REGENCY GRAND CYPRESS RESORT,HYATT,JOSEPH.ABRIHAM@HYATT.COM
C00623,UMIAMI-UHEALTH IT SUPPORT,U OF M GROUP,TJONES@MIAMI.EDU
C00624,DEC PARKING,OTHER,INFO@DECPARKING.COM
C00625,SILVERSANDS GRENADA,OTHER,PBROWN@SILVERSANDSGRENADA.COM
C00626,RIVERS CASINO - PHILADELPHIA,OTHER,MDEPIETRO@RUSHST.COM
C00627,HILTON - TAMPA DOWNTOWN,HILTON,LUBOS.SARISSKY@HILTON.COM
C00628,MARQUIS DE LAFAYETTE,OTHER,JMORANO@MARQUISCAPEMAY.COM
C00629,VISION AUTO TRANSPORT,OTHER,JULIANSCOTT@VISIONAUTOTRANSPORT.COM
C00630,YALE CLUB - NYC,OTHER,RFONFRIAS@YALECLUBNYC.ORG
C00631,WABEEK COUNTRY CLUB,OTHER,JONATHAN@WABEEKCC.COM
C00632,WAYNESVILLE INN & GC,OTHER,
C00633,SEVEN SEBRING RACEWAY HOTEL,OTHER,PINDRAWATI@SEVENSEBRINGHOTEL.COM
C00634,OCEANS EDGE KEY WEST,OTHER,KRODRIGUEZ@OCEANSEDGEKEYWEST.COM
C00635,SURF & SAND LAGUNA BEACH,OTHER,JCERNAK@JCRESORTS.COM
C00636,UMIAMI- BASCOM PALMER EDUCATION,U OF M GROUP,D.MENENDEZ3@MED.MIAMI.EDU
C00637,VIS-FLOW,OTHER,SHARON.BLACK@VIS-FLOW.COM
C00638,OCEANA BAL HARBOUR RESTAURANT,OTHER,MARIANA@TOSCANADIVINO.COM
C00639,GASPARILLA INN & CLUB,OTHER,THESTER@GASPARILLAINN.COM
C00640,ONE PARTICULAR HARBOUR - NASSAU,OTHER,LORENZO.BARIGELLI@MARGARITAVILLERESORTNASSAU.COM
C00641,EPICUREAN ATLANTA,OTHER,DDRIEF@MAINSAILHOTELS.COM
C00642,STATE HILL CRAFT COCKTAILS & KITCHEN,OTHER,LYDAJCOLE@GMAIL.COM
C00643,UMIAMI- BASCOM PALMER AMBULATORY,U OF M GROUP,EXJ358@MED.MIAMI.EDU
C00644,"RITZ-CARLTON, TURKS & CAICOS",RITZ-CARLTON,STANWICK.BLOEM@RITZCARLTON.COM
C00645,UMIAMI- BASCOM PALMER PHARMACY,U OF M GROUP,IPONCE@MED.MIAMI.EDU
C00646,CLEANING ELEVATED,OTHER,SCOTT@CEBMFL.COM
C00647,RANSOM EVERGLADES HIGH SCHOOL,OTHER,NMURRAY1280@GMAIL.COM
C00648,SIAN OCEAN RESIDENCES,KW PROPERTIES,AREYNOSO@KWPMC.COM
C00649,COLUMBIA DOCTORS,OTHER,LU16@CUMC.COLUMBIA.EDU
C00650,THE LOREN HOTEL AT PINK BEACH,OTHER,ANDRE@THELORENHOTEL.COM
C00651,DUPONT CIRCLE HOTEL,OTHER,NITIN_TITUS@DOYLECOLLECTION.COM
C00652,CROLLINS CONSTRUCTION,OTHER,ANDY.CARBALLO@SOUTHBEACHGROUP.COM
C00653,DNC CLEANING SERVICES,OTHER,DNC.CLEANING.SERVICES1@GMAIL.COM
C00654,GRAND HOTEL RESORT & SPA,OTHER,JOSHUA.GAMMON@GRAND1847.COM
C00655,PROVIDENCE LITTLE COMPANY OF MARY,OTHER,SEAN.SOUL@PROVIDENCE.ORG
C00656,WESTERN STATE HOSPITAL,OTHER,PAOLA.GONZALEZ@DSHS.WA.GOV
C00657,HANOVER INN DARTMOUTH,OTHER,DGRISWOLD@PYRAMIDGLOBAL.COM
C00658,"SEASONS FARM FRESH, INC.",OTHER,GABE@SEASONSFARMFRESH.COM
C00659,JASPER HOTEL,OTHER,KBRISCH@JASPERFARGO.COM
C00660,WINDOWS CATERING,OTHER,NHADDOCK@CATERING.COM
C00661,PIVOT PARKING,OTHER,FCANO@PIVOTPARKING.COM
C00662,SRI--- HARPER STATION GAINESVILLE,SRI,JENNA.VENTURA@HARPERSTATIONGAINESVILLE.COM
C00663,EMBASSY SUITES TAMPA DOWNTOWN,HILTON,EHUD.BEN-ARI@HILTON.COM
C00664,FLYEXCLUSIVE,OTHER,SUSAN.MALEY@FLYEXCLUSIVE.COM
C00665,HAMILTON HOTEL,OTHER,KMUGRIDGE@HAMILTONHOTELDC.COM
C00666,NEO VERTIKA,OTHER,STOLOSA@MIAMIMANAGEMENT.COM
C00667,UMIAMI-UHEALTH SURGICAL,U OF M GROUP,MSGUANCHE@HOTMAIL.COM
C00668,AVRA GROUP,OTHER,MISHA.STOJANOVIC@THEAVRAGROUP.COM
C00669,"300 BISCAYNE BLVD WAY CONDOMINIUM ASSOCIATION, INC",OTHER,nvaschetti@300biscaynehoa.com
C00670,HOTEL CARMICHAEL,OTHER,KWYLIE@HOTELCARMICHAEL.COM
C00671,DEADWOOD MOUNTAIN GRAND,OTHER,GTOEPFER@DMGRAND.COM
C00672,ACCRA BEACH HOTEL & SPA,OTHER,ABUNASAR.SIDDIQUI@ACCRABEACHHOTEL.COM
C00673,SUVICHE HOSPITALITY GROUP,OTHER,MARIAL@SUVICHE.COM
C00674,ORBIT PEST CONTROL,OTHER,ORBITPESTCONTROL@GMAIL.COM
C00675,DULCE DE LECHE BAKERY,OTHER,MARIANA@DULCEDELECHEBAKERY.COM
C00676,NAPLES BAY RESORT & MARINA,OTHER,JWESTLEY@NAPLESBAYRESORT.COM
C00677,LOEWS - LIVE! BY LOEWS,LOEWS HOTELS,MARGARETHE.JAVELLANA@LOEWSHOTELS.COM
C00678,GROVE GALLERY & INTERIORS,OTHER,OM@GROVEGALLERYINTERIORS.COM
C00679,ST. LUCIA TOURISM AUTHORITY,OTHER,NJOSEPHBYRON@STLUCIA.ORG
C00680,UNION STATION NASHVILLE YARDS,OTHER,BRYAN.CROY@THEUNIONSTATIONNASHVILLEYARDS.COM
C00681,SHORE CLUB TURKS & CAICOS,OTHER,KERRY.HENDRICKSON@THESHORECLUBTC.COM
C00682,TREASURE CAY SERVICES,OTHER,JANIN@TREASURECAY.COM
C00683,HILTON - BARBADOS RESORT,HILTON,JULIAN.BOYCE@HILTON.COM
C00684,PALMS TURKS AND CAICOS,OTHER,SPAMANAGER@THEPALMSTC.COM
C00685,OCEAN CLUB RESORT,OTHER,KELISA@OCEANCLUBRESORTS.COM
C00686,MILLS HOUSE,OTHER,IBACIU@MILLSHOUSE.COM
C00687,THE PALMS HOTEL & SPA,OTHER,MPARES@THEPALMSHOTEL.COM
C00688,BLUE STAR EQUESTRIAN,OTHER,NNEIDL@BLUESTAREQ.COM
C00689,MOUNT SAINT MARY'S UNIVERSITY,OTHER,CGATOLOAI@MSMU.EDU
C00690,HILTON - GRAND VACATIONS,HILTON,MARK.MARCINIAK@HGV.COM
C00691,PALMER HOUSE HILTON,OTHER,DANIEL.MCEVOY@HILTON.COM
C00692,GABLES WATERWAY TOWERS,FSR,OFFICE@GABLESWATERWAYTOWERS.NET
C00693,RSR SENIOR RESIDENCES,OTHER,GROQUE@REIGNSR.COM
C00694,STONE BROKERS OF AMERICA,OTHER,STONEBROKR@AOL.COM
C00695,PINE CAY TURKS & CAICOS,OTHER,AGM@PINECAY.COM
C00696,ISRAEL EQUESTRIAN FEDERATION,OTHER,ALPDIN@INTER.NET.IL
C00697,MONTAGE HEALDSBURG,MONTAGE,CARLY.SNYDER@MONTAGE.COM
C00698,KIMPTON SEAFIRE RESORT & SPA,OTHER,IMRE.MARACZI@SEAFIRERESORTANDSPA.COM
C00699,HILTON - ARUBA,HILTON,RUFAT.GEERMAN@HILTON.COM
C00700,LOEWS MINNEAPOLIS,LOEWS HOTELS,SABRINA.STEWART@LOEWSHOTELS.COM
C00701,STRATEGIC PROPERTY HOLDING LTD.,OTHER,DAN.MCDERMOTT@AIMBRIDGE.COM
C00702,HYATT REGENCY COCONUT POINT RESORT & SPA,HYATT,MEGAN.BYRD1@HYATT.COM
C00703,UMIAMI- BASCOM PALMER VIRTUAL EYE CARE,U OF M GROUP,DMC636@MED.MIAMI.EDU
C00704,SUNSHINE VALET,OTHER,ROBERT@SUNSHINEVALET.COM
C00705,SAN PELLEGRINO,OTHER,OLGAMEGRABIEN@GMAIL.COM
C00706,WYNDHAM GRAND BARBADOS,OTHER,JACKBELL0@GMAIL.COM
C00707,GLOBAL AMBASSADOR,OTHER,
C00708,MONTAGE BIG SKY,MONTAGE,DANIELLE.SMITH@MONTAGE.COM
C00709,FOUR SEASONS SURF CLUB,OTHER,TYLER.PASCUZZO@FOURSEASONS.COM
C00710,ISLAMORADA RESORT COLLECTION,OTHER,MSKALETSKY@ISLAMORADARESORTCOLLECTION.COM
C00711,ICON PARKING,OTHER,MPVANEGAS10@GMAIL.COM
C00712,DOLCE BY WYNDHAM HOLLYWOOD,OTHER,GRAVESS@GFHOTELS.COM
C00713,MCCALLUM THEATRE,OTHER,MWILSON@MCCALLUM-THEATRE.ORG
C00714,UMIAMI-UHEALTH HOSPITAL MEDICINE,U OF M GROUP,GJIMENEZ3@MED.MIAMI.EDU
C00715,SAMSIC AIRPORT,OTHER,V.SONI@SAMSIC.AERO
C00716,WYNDHAM DEERFIELD BEACH RESORT,OTHER,ANATHANSON@WYNDHAMDEERFIELD.COM
C00717,ISLAND POOL LIMITED,OTHER,POOLMAN676@YAHOO.COM
C00718,AJC SECURITY SERVICES,OTHER,ANDY_CARBALLO@AOL.COM
C00719,BAHA MAR NASSAU,OTHER,DARCEL.WILLIAMS@BAHAMAR.COM
C00720,PARS-S,OTHER,LROBINSON@PARS-S.COM
C00721,ARI FINANCIAL GROUP,OTHER,NICOLLE@ARI-FG.COM
C00722,HARBOURVIEW INN CHARLESTON,OTHER,JHORBAL@HARBOURVIEWCHARLESTON.COM
C00723,UMIAMI-INTERVENTIONAL RADIOLOGY,U OF M GROUP,JUDY.AREVALO@MED.MIAMI.EDU
C00724,ABBEY RESORT,OTHER,ROHR@THEABBEYRESORT.COM
C00725,ANIMAL HEALTH WELLNESS,OTHER,MARITZA@ANIMALHEALTHWELLNESS.COM
C00726,ARDENT & CO.,OTHER,ZUNY@MEGANAMANAGEMENT.COM
C00727,BERMUDA HOTEL ASSOCIATION,OTHER,
C00728,CASCADE HOTEL,OTHER,JOHNMCCOPPIN@YAHOO.COM
C00729,CURIOUS CORK,OTHER,JEFFWILKOWSKI@CURIOUSCORKWINE.COM
C00730,DOUBLETREE BRECKENRIDGE,HILTON,BLAKE.REECE@HILTON.COM
C00731,DUNE,OTHER,STEVEN.ZUPKO@DUNEBYLT.COM
C00732,EMBASSY SUITES TUSCALOOSA DOWNTOWN,OTHER,DEE.RICHARDSON2@HILTON.COM
C00733,EMERALD GRANDE AT HARBOR WALK VILLAGE,OTHER,ESMITH@EMERALDGRANDE.COM
C00734,FLY BERMUDAIR,OTHER,MELANIE.SMITH@FLYBERMUDAIR.COM
C00735,FOUR SEASONS BAHAMAS OCEAN CLUB,OTHER,OLIVIA.MAHIDASHTI@FOURSEASONS.COM
C00736,GRAND CAYMAN MARRIOTT RESORT,MARRIOTT,YOGESH.NARVEKAR@MARRIOTT.COM
C00737,GRAND HARBOR,OTHER,SALIMA@GRANDHARBOR.COM
C00738,HILTON - HOTEL FLOR,HILTON,CRIVERA@HOTELFLORTAMPA.COM
C00739,HOLIDAY INN MIAMI BEACH,OTHER,HIADICICCO@CGHCORP.COM
C00740,HYATT REGENCY SCOTTSDALE,OTHER,ANTHONY.FANELLA@HYATT.COM
C00741,LASALLE HOTEL,OTHER,
C00742,LAKE NONA WAVE HOTEL,OTHER,
C00743,LAKEWAY RESORT & SPA,OTHER,TATEHARRIS@REMINGTONHOTELS.COM
C00744,LOEWS ARLINGTON HOTEL,LOEWS HOTELS,MARGARETHE.JAVELLANA@LOEWSHOTELS.COM
C00745,LOEWS ROYAL PACIFIC,LOEWS HOTELS,MOLLY.EVANS@LOEWSHOTELS.COM
C00746,LOEWS SAPPHIRE FALLS,LOEWS HOTELS,MADELINE.MARTIN@LOEWSHOTELS.COM
C00747,PEARL HOTEL,OTHER,KYLE.DAVIS@STJOE.COM
C00748,PELICAN GRAND BEACH RESORT,OTHER,TPIERRE@NOBLEHOUSEHOTELS.COM
C00749,PIER 5,OTHER,MFABIO@BREAKWATERHG.COM
C00750,PUFF N STUFF,OTHER,
C00751,RESTORATION HARDWARE,OTHER,BNOVIELLI@RH.COM
C00752,RITZ-CARLTON RESIDENCES MIAMI,OTHER,NATHALIE.RADER@RITZCARLTON.COM
C00753,ROARING FORK CLUB,OTHER,MPLANT@RFCLUB.COM
C00754,SANDS OF KEY BISCAYNE,KW PROPERTIES,ASSTMANAGER@THESANDSOFKEYBISCAYNE.US
C00755,SILVERTON CASINO,OTHER,AUTUMN.SILVA@SILVERTONCASINO.COM
C00756,SOUTH FLORIDA FREE DIVERS,OTHER,MDOBAL@BELLSOUTH.NET
C00757,SOUTHERN CROSS CLUB,OTHER,GM@SOUTHERNCROSSCLUB.COM
C00758,SRHOTEL-PADDLETAIL LODGE,SRI,DAVID.DAYTON@SRHOTELMGT.COM
C00759,THE NINES HOTEL,OTHER,KRISTEN.CARLSON@THENINES.COM
C00760,WESTRAC LTD,OTHER,SILVIAHERNANDEZ@WESTRACBELIZE.COM
C00761,WINTERHAVEN HOTEL,OTHER,HORACIO.CALLAGGIO@HHMHOTELS.COM
C00762,WORLD CLASS SHUTTLE,OTHER,ADMIN@WORLDCLASSPARKING.NET
C00763,WYMARA RESORT,OTHER,SRINCON@WYMARARESORTANDVILLAS.COM
C00764,PARK GROVE - ONE,KW PROPERTIES,YMOREJON@KWPMC.COM
C00765,"TWO PARK GROVE CONDOMINIUM ASSOCIATION, INC.",KW PROPERTIES,YMOREJON@KWPMC.COM
C00766,PARK GROVE - CLUB RESIDENCES,KW PROPERTIES,YMOREJON@KWPMC.COM
C00767,REIMAGINED PARKING - REPUBLIC PARKING,REIMAGINED PARKING,ISAIAH.ERVIN@REIMAGINEDPARKING.COM
C00768,REIMAGINED PARKING - AMERIPARK,REIMAGINED PARKING,INVOICES@REIMAGINEDPARKING.COUPAHOST.COM
C00769,REIMAGINED PARKING - IMPARK HEALTH,OTHER,INVOICES@REIMAGINEDPARKING.COUPAHOST.COM
C00770,REIMAGINED PARKING - LANIER PARKING,REIMAGINED PARKING,INVOICES@REIMAGINEDPARKING.COUPAHOST.COM
C00771,COLLEGIATE HOSPITALITY,COLLEGIATE HOSPITALITY,
C00772,UNIFIED PARKING PARTNERS,OTHER,
C00773,CORAL SANDS HARBOR ISLAND,OTHER,
C00774,LOEWS - UNIVERSAL HELIOS,LOEWS HOTELS,MARGARETHE.JAVELLANA@LOEWSHOTELS.COM
C00775,LOEWS - UNIVERSAL STELLA NOVA RESORT,LOEWS HOTELS,MARGARETHE.JAVELLANA@LOEWSHOTELS.COM
C00776,LOEWS - UNIVERSAL TERRA LUNA RESORT,LOEWS HOTELS,MARGARETHE.JAVELLANA@LOEWSHOTELS.COM
C00777,FOUR SEASONS HOTEL MIAMI,FOUR SEASONS,
C00778,BEST WESTERN - GREAT NORTHERN HOTEL,OTHER,MARTI@GNHOTELHELENA.COM
C00779,HALO INSURANCE,OTHER,acornelio@halo-ins.com
C00780,NAVY GATEWAY INN AND SUITES,OTHER,
C00781,PURSELL FARMS,OTHER,
C00782,SUNDAYS CROISSANTERIE,OTHER,
C00783,SAN CARLOS HOTEL,OTHER,
C00784,SUSHI MAKI,OTHER,
C00785,THOR URBANA - ALLSOURCE EXPORT,OTHER,
C00786,900 BISCAYNE BAY,KW PROPERTIES,
C00787,AC HOTEL MISSOULA DOWNTOWN,OTHER,
C00788,ALBANY BAHAMAS,OTHER,
C00789,ARIA ON THE BAY,OTHER,
C00790,CANOUAN ESTATE RESORT,OTHER,
C00791,CHG - GRADUATE PRINCETON,COLLEGIATE HOSPITALITY,MARK.STANTON@GRADUATEPRINCETON.COM
C00792,COLONY SQUARE PROPERTY MANAGEMENT,OTHER,
C00793,EAST COAST VALET,OTHER,
C00794,FRESCO Y MAS,FRESCO Y MAS,
C00795,FRESCO Y MAS #201,FRESCO Y MAS,
C00796,FRESCO Y MAS #237,FRESCO Y MAS,
C00797,FRESCO Y MAS #243,FRESCO Y MAS,
C00798,FRESCO Y MAS #283,FRESCO Y MAS,
C00799,FRESCO Y MAS #287,FRESCO Y MAS,
C00800,FRESCO Y MAS #384,FRESCO Y MAS,
C00801,FRESCO Y MAS #385,FRESCO Y MAS,
C00802,FRESCO Y MAS #745,FRESCO Y MAS,
C00803,JUMBY BAY ISLAND COMPANY,OTHER,
C00804,"LODGE AT BLUE SKY, AN AUBERGE RESORT",OTHER,
C00805,LUMINARY HOTEL,MARRIOTT,JLARSON@MAINSAILHOTELS.COM
C00806,MEI CONDO,OTHER,ASSISTANT@MEIMGMT.COM
C00807,PREMIUM PARKING,OTHER,
C00808,SBG - TACO TACO SOUTH BEACH,OTHER,
C00809,SCHULTE- MEMOIR WEDGEWOOD HOUSTON,OTHER,
C00810,SCHULTE- MEMOIR BUCKMAN,OTHER,
C00811,SEAGATE HOTEL & SPA,OTHER,
C00812,SHUTTER BROTHERS LLC,OTHER,
C00813,STRATTON AMENTITIES,OTHER,
C00814,TERRA GROUP,OTHER,
C00815,UMIAMI- BASCOM PALMER PREADMISSION,OTHER,
C00816,UMIAMI-UHEALTH IT DEPT,OTHER,
C00817,UMIAMI-UHEALTH TELECOMMUNICATION,OTHER,
C00818,UMIAMI-UHEALTH VASCULAR LAB,U OF M GROUP,LGUZMAN4@MED.MIAMI.EDU
C00819,WATERSTONE RESORT & MARINA BOCA,OTHER,
C00820,WENZELL VOYAGES & TRAVEL,OTHER,PETER.WENZELL@WENZELLFISHERHG.COM
C00821,ALFOND INN,OTHER,RNYFELER@THEALFONDINN.COM
C00822,HOTEL GRANDUCA,OTHER,LORRAINE.BEEZLEY@GRANDUCAHOUSTON.COM
C00823,UNTWINE MARINA LLC,OTHER,CARLOSLARA@UNTWINEMARINA.COM
C00824,WALDORF ASTORIA ORLANDO,OTHER,
C00826,RESIDENCES AT VIZCAYA CONDOMINIUM ASSOC,KW PROPERTIES,YPINON@KWPMC.COM
C00827,KEETER CENTER,OTHER,SSMITH@COFO.EDU
C00828,HOTEL YELLOWSTONE,OTHER,ACCOUNTING@HOTELYELLOWSTONEJH.COM
C00829,NORTHERN HOTEL,OTHER,SARAH.NELSON@NORTHERNHOTEL.COM
C00830,SPECIALTY RESTAURANT GROUP,OTHER,
C00831,COLUMBIA UNIVERSITY MC- PRESBYTERIAN HOSPITAL,OTHER,AAA2167@CUMC.COLUMBIA.EDU
C00833,TISHMAN SPEYER-222 2ND,OTHER,JCOLLETTE@TISHMANSPEYER.COM
C00834,LEXINGTON BY HOTEL RL,OTHER,SARISTA@CGHCORP.COM
C00835,LAZ PARKING - MIAMI,OTHER,
C00836,LAZ PARKING - COLORADO,OTHER,
C00837,LATITUDE MARINAS,OTHER,
C00838,COMPASS GROUP CHARTWELLS RENO,CHARTWELLS,Jonathan.Marks@compass-usa.com
C00839,MR. C RESIDENCES COCONUT GROVE,OTHER,
C00840,SODEXO LIVE! - MBCC,OTHER,
C00841,HOTEL EFFIE SANDESTIN,OTHER,
C00842,FRESCO Y MAS #388,FRESCO Y MAS,CSM-0388@FRESCOYMAS.COM
C00843,FRESCO Y MAS #2450,FRESCO Y MAS,CSM-2450@FRESCOYMAS.COM
C00844,ROOTS AND ROOTS,OTHER,PEDRO@ROOTSANDROOTS.NET
C00845,FRESCO Y MAS #252,FRESCO Y MAS,
C00846,ENZO & LUCIA,OTHER,CARDELLIFAMILY@YAHOO.COM
C00847,"BELLE TOWERS CONDOMINIUM, INC",KW PROPERTIES,VSALAZAR@KWPMC.COM
C00848,DELRAY BEACH CLUB,OTHER,TBRADBURY@THEDELRAYBEACHCLUB.COM
C00849,FRESCO Y MAS #235,FRESCO Y MAS,MGR-01-0235@FRESCOYMAS.COM
C00850,FRESCO Y MAS #292,FRESCO Y MAS,MGR1-0292@FRESCOYMAS.COM
C00851,FRESCO Y MAS #359,FRESCO Y MAS,MGR1-0359@FRESCOYMAS.COM
C00852,TISHMAN SPEYER -MISSION ROCK,OTHER,JRUSH@TISHMANSPEYER.COM
C00853,FRESCO Y MAS #366,CHARTWELLS,
C00854,THE MANCHESTER,OTHER,JEARL@THEMANCHESTERKY.COM
C00855,FRESCO Y MAS #242,FRESCO Y MAS,mgr1-242@frescoymas.com
C00856,BRASSTOWN VALLEY RESORT & SPA,OTHER,KPATTERSON@BRASSTOWNVALLEY.COM
C00857,FRESCO Y MAS #270,FRESCO Y MAS,MGR1-0270@FRESCOYMAS.COM
C00858,FRESCO Y MAS #387,FRESCO Y MAS,MGR1-0387@FRESCOYMAS.COM
C00859,FRESCO Y MAS #2249,FRESCO Y MAS,MGR1-2249@FRESCOYMAS.COM
C00860,FRESCO Y MAS #274,FRESCO Y MAS,MGR1-0274@FRESCORETAIL.COM
C00861,FRESCO Y MAS #304,FRESCO Y MAS,MGR1-0304@FRESCOYMAS.COM
C00862,FRESCO Y MAS #361,FRESCO Y MAS,MGR1-0361@FRESCOYMAS.COM
C00863,FRESCO Y MAS #697,FRESCO Y MAS,MGR1-0697@FRESCOYMAS.COM
C00864,FRESCO Y MAS #286,FRESCO Y MAS,MGR1-0286@FRESCOYMAS.COM
C00865,FRESCO Y MAS #239,FRESCO Y MAS,MGR1-0239@FRESCOYMAS.COM
C00866,FRESCO Y MAS #1717,FRESCO Y MAS,MGR1-1717@FRESCOYMAS.COM
C00867,FRESCO Y MAS #353,FRESCO Y MAS,MGR1-0353@FRESCOYMAS.COM
C00868,FRESCO Y MAS #231,FRESCO Y MAS,MGR1-0231@FRESCOYMAS.COM
C00869,NAYARA GARDENS,OTHER,
C00870,THE INN AT CELEBRATION,OTHER,
C00871,ELEVATION HOTEL (CAGI GROUP),OTHER,
C00872,BELLINI CONDO - AVENTURA,OTHER,ASSISTANT@BELLINIWILLIAMSISLAND.COM
C00873,JULA'S ON THE POTOMAC,OTHER,JULA@JULASOTP.COM
C00874,ICON PARKING (DO NOT USE),OTHER,MPVANEGAS10@GMAIL.COM
C00875,PENN WELLS HOTEL,OTHER,
C00876,CARIBBEAN CONDOMINIUM,OTHER,SCOTT@CARIBBEANCONDO.ORG
C00877,SPATARO NAPOLI CORP,OTHER,
C00878,WESTGATE RESORTS,OTHER,SUPPLIER.REGISTRATIONS@WESTGATERESORTS.COM
C00879,AVANTI INTERNATIONAL RESORT,OTHER,
C00880,NED'S CLUB,OTHER,IVO.RODRIGUES@NEDSCLUB.COM
C00881,BACKPACK TECHNOLOGIES LTD,OTHER,CLAIRE.J@BACKPACK.APP
C00882,BLACKIE'S,OTHER,JEANINE@EATATBLACKIES.COM
C00883,FRANCISCO GONZALEZ,OTHER,
C00884,FOUR SEASON BORA BORA,FOUR SEASONS,THIERRY.QUEMENER@FOURSEASONS.COM
C00885,TOURIST OFFICE OF SPAIN,OTHER,maria.valor@tourspain.es
C00886,ULYSSES GARCIA,OTHER,UGARCIA@JAUNIFORMS.COM
C00887,HILTON - TAHITI,HILTON,thomas.rambaldi@lwane.com
C00888,FOUNDERS 3 MANAGEMENT COMPANY,OTHER,LMEEHAN@F3MARINA.COM
C00889,KIMPTON SURFCOMBER HOTEL,IHG,DIANA.DUM@IHG.COM
C00890,SOCO HOTEL,OTHER,
C00891,MARRIOTT HUTCHINSON ISLAND BEACH RESORT,MARRIOTT,CHRISTOPHER.FISCHER@CONCORDHOTELS.COM
C00892,C.A.P. ENGINEERING,OTHER,SFALLA@CAPENGFLA.COM
C00893,EMERALD QUEEN HOTEL & CASINO,OTHER,BRIJIDA_DUPLANTIER@EMERALDQUEEN.COM
C00894,PROPEL AVIATION SALES & SERVICES LLC,OTHER,ACOSTELLO@PROPELAVIATION.COM
C00895,UNELIVE ENTERTAINMENT,OTHER,RAFAEL.URBINA@UNELIVEENTERTAINMENT.COM
C00896,PARAMOUNT HOTEL - PORTLAND,OTHER,WHOBBS@PORTLANDPARAMOUNT.COM
C00897,BRICKELL KEY,KW PROPERTIES,
C00898,CASTILLO ENGINEERING INC,OTHER,AURIETA@CASTILLOENG.COM
C00899,SENSEI PORCUPINE CREEK,OTHER,JMARTE@SENSEI.COM
C00900,SUNSHINE SUITES RESORT,OTHER,
C00901,HOLIDAY INN JEKYLL ISLAND,OTHER,PHARTMANN@NEWCASTLEHOTELS.COM
C00902,COUNTRY CLUB OF ORLANDO,OTHER,DHERNANDEZ@COUNTRYCLUBOFORLANDO.COM
C00903,CITY VALET SERVICES,OTHER,
C00904,"SOUTHALL, LLC",OTHER,MFORKEY@SOUTHALLTN.COM
C00905,GRAND HYATT GRAND CAYMAN RESORT & SPA (CAGI HOTEL),HYATT,HIMANSHU.JETHI@HYATT.COM
C00906,MOXY ST. PETERSBURG,OTHER,ACCOUNTSPAYABLE@MOXYSTPETE.COM
C00907,VINETA PALM BEACH,OTHER,
C00908,GRAND HYATT SAN ANTONIO,HYATT,
C00909,FOUR SEASONS RESORT ORLANDO AT WALT DISNEY WORLD,FOUR SEASONS,HELEN.BARRY@FOURSEASONS.COM
C00910,MESKI RESTAURANT,OTHER,GUMAFASSSIL@GMAIL.COM
C00911,DOUBLETREE HILTON AT CADILLAC JACK'S,HILTON,AFisher@livhotelgroup.com
C00912,UM RADIATION CONTROL CENTER,U OF M GROUP,LMendez@med.miami.edu
C00913,THE HUT - LITTLE JUMBY,RESTAURANT,
C00914,HOMES PAINTING,OTHER,HOMEPAINTUSA99@GMAIL.COM
C00915,BLANCA STILLE,OTHER,
C00916,BITTER END YACHT CLUB,OTHER,KCHARLES@BEYC.COM
C00917,CUPIDS ELECTRIC,OTHER,HARISDJOKIC55@GMAIL.COM
C00918,CLUB MED,OTHER,marcela.mendes@clubmed.com
C00919,WYNDHAM GRAND JUPITER,OTHER,AGABILONDO@WYNDHAMGRANDJUPITER.COM
C00920,MG1 DESIGN,OTHER,MG1DESIGN@YAHOO.COM
C00921,PELL HOTEL,OTHER,
C00922,HYATT SEABOARD STATION - RALEIGH DOWNTOWN,HYATT,AP.HYSS@CONCORDHOTELS.COM
C00923,APOGEE CLUB,OTHER,MRODRIGUES@APOGEECLUB.COM
C00924,SEA PINES RESORT,OTHER,DANIELLE.SMITH@SEAPINES.COM
C00925,GRAND ISLE RESORT & RESIDENCES,OTHER,JCEY.TAYLOR@GRANDISLERESORT.COM
C00926,HALF MOON,OTHER,DANNMCNEIL@HALFMOON.COM
C00927,HILTON - SANTA MONICA,OTHER,
C00928,EMBASSY SUITES MYRTLE BEACH RESORT,HILTON,
C00929,AG FREIGHT LOGISTICS,OTHER,ALEX@AGFREIGHT-LOGISTICS.COM
C00930,DOUBLETREE HILTON SOUTH BEND,HILTON,
C00931,LAZ PARKING - ST. AUGUSTINE,OTHER,
C00932,"GCB MARINE, INC",OTHER,GEORGESB@FRASERYACHTS.COM
C00933,HILTON - MYRTLE BEACH RESORT OCEANFRONT,HILTON,TANISHA.GATLING@HILTON.COM
C00934,CONFIANZA WINDOW TINTING,OTHER,
C00935,DHL NETWORK OPERATIONS USA,OTHER,
C00936,INTERCONTINENTAL HOTEL DORAL,IHG,
C00937,FAST TRACK TCI,OTHER,
C00938,ECHO BRICKELL,OTHER,
C00939,PALACE CONDO,KW PROPERTIES,
C00940,ENCHANTE HOTEL,OTHER,ABBY@TEAMABIGAIL.COM
C00941,TRYALL CLUB,OTHER,
C00942,HOTEL INDIGO GRAND CAYMAN,IHG,
C00943,SAN VICENTE CLUBS,OTHER,
C00944,FRENCHMANS CREEK BEACH & COUNTRY CLUB,OTHER,DLOW@FRENCHMANSCREEK.COM
C00945,CARLOS CUERVO,OTHER,CARLI.CUERVO@GMAIL.COM
C00946,FIRST CLASS RESORTS,OTHER,JESSICA@HARBOURVILLAGE.COM
C00947,MANDARIN ORIENTAL NEW YORK,OTHER,
C00948,OIL NUT BAY,OTHER,TMORGAN@OILNUTBAY.COM
C00949,EL DORADO BEACH CLUB,OTHER,JGARCIA@ELDORADOBEACHCLUB.COM
C00950,LIAT AIR,OTHER,BARNES.SHAWNELL@LIAT.COM
C00951,SKYPARK VERTIPORTS,OTHER,
C00952,HILTON - ARLINGTON ROSSLYN THE KEY,HILTON,
C00953,INTERCONTINENTAL HOTEL HOUSTON,IHG,ESTEFANY.NERIO@IHG.COM
C00954,CATHY KENNEDY,OTHER,CATHYKENNEDY.MIA@GMAIL.COM
C00955,HILTON - BEACH HOUSE FT LAUDERDALE,HILTON,RAQUEL.RAMIREZ@HILTON.COM
C00956,ROCK SOUND PROPERTIES,OTHER,
C00957,UMIAMI- UHEALTH SPECIALTY PHARMACY,U OF M GROUP,nmr96@med.miami.edu
C00958,COLUMBIA DOCTORS - PRACTICE,OTHER,
C00959,ROBERTO BAERGA,OTHER,edgewatervillas@mac.com
C00960,WINDSONG ON THE REEF,OTHER,
C00961,CORENDON HOTELS & RESORTS - CURACAO,OTHER HOTEL,CHEREES.HOEFAKKER@CORENDONHOTELS.COM
C00962,ONE GT GRAND CAYMAN,OTHER,ANDREWBARLOW@REMINGTONHOTELS.COM
C00963,SPIAGGIA,OTHER,MANAGER@SPIAGGIAOCEAN.COM
C00964,LOTTE HOTEL SEATTLE,OTHER,
C00965,SPORTS PRODUCTIONS,OTHER,
C00966,MAYO HOTEL,CHARTWELLS,
C00967,UMIAMI- BASCOM PALMER EYE INSTITUTE GLAUCOMA CENTER,U OF M GROUP,YSILVA@MIAMI.EDU
C00968,REGALIA ON THE OCEAN,OTHER,JLINDENBAUM@REGALIAONTHEOCEAN.COM
C00969,SCHULTE- MEMOIR WAREHOUSE DISTRICT,OTHER,TIFFANY.WALTERS@SCHULTEHOSPITALITY.COM
C00970,CORDEVALLE,OTHER,
C00971,STANISLAUS FOOD PRODUCTS,OTHER,LPOLLACK@CORTO-OLIVE.COM
C00972,SUNKISSED,OTHER,DAVID@SUNKISSEDBRICKELL.COM
C00973,HOTEL ABACUS,COLLEGIATE HOSPITALITY,
C00974,UMIAMI-RISK MANAGEMENT,U OF M GROUP,AND238@MIAMI.EDU
C00975,PANAM EXPORT SERVICES,OTHER,cbarran@simpsonbayresort.com
C00976,UMIAMI- BASCOM PALMER EYE INSTITUTE SURGICAL,U OF M GROUP,GGG3@MED.MIAMI.EDU
C00977,RK PARKING SOLUTIONS,OTHER,
C00978,RKG PARKING SOLUTIONS,OTHER,
C00979,ROYAL CARIBBEAN,OTHER,GBARNES@RCCL.COM
C00980,CONRAD ORLANDO,OTHER,
C00981,BEACH ENCLAVE,OTHER,
C00982,STRAND,CHARTWELLS,DANITRA@THESTRANDTCI.COM
C00983,PONTCHARTRAIN HOTEL,COLLEGIATE HOSPITALITY,NTHOMAS@THEPONTCHARTRAINHOTEL.COM
C00984,REGENT GRAND TURKS & CAICOS,OTHER,hr@theregentgrand.com
C00985,VICEROY SANTA MONICA,OTHER,
C00986,THE BELGROVE,OTHER,
C00987,SANCTUARY AT KIAWAH ISLAND GOLF RESORT,OTHER,MOLLY_YOUNG@KIAWAHRESORT.COM
C00988,HOTEL AT AUBURN UNIVERSITY,OTHER,ADAM.KEESHAN@ITHAKAHP.COM
C00989,GAYLORD TEXAN RESORT & CONVENTION CENTER,OTHER,
C00990,CHG - GRADUATE AUBURN,COLLEGIATE HOSPITALITY,TBLACK@GRADUATEAUBURN.COM
C00991,ROLANDO TAPANES,OTHER,
C00992,LOEWS - CABANA BAY BEACH RESORT,LOEWS HOTELS,MADELINE.MARTIN@LOEWSHOTELS.COM
C00993,WESTIN HOTEL SAN JOSE,MARRIOTT,STHAPA@WESTINSANJOSE.COM
C00994,ST. REGIS ASPEN,OTHER,LUKE.TEMPLE@STREGIS.COM
C00995,BPARK SOLUTIONS,OTHER,BOLOYEDE@BPARKSOLUTIONS.COM
C00996,VINOY,OTHER,JACKELINE.CADAVID@THEVINOY.COM
C00997,ORNA SECURITY,OTHER,ACCOUNTING@ORNASECURITY.US
C00998,THE PARK AT GRACE BAY,OTHER,
C00999,COLUMBIA DOCTORS CARDIOLOGY,OTHER,rd2244@cumc.columbia.edu
C01000,LA VALENCIA HOTEL & SPA,OTHER,ALINGLEY@LAVALENCIA.COM
C01001,MAC PARKING,OTHER,
C01002,PMC,OTHER,
C01003,TISHMAN SPEYER - 160 SPEAR ST,OTHER,
C01004,GC BUILDERS INTERNATIONAL LLC,OTHER,JUAN.MALAVE@GANDGBD.COM
C01005,UMIAMI - INVESTMENTS & TREASURY,U OF M GROUP,
C01006,CONRAD BORA BORA NUI,HILTON,THOMAS.RAMBALDI@LWANE.COM
C01007,LONG BAY VILLAS ANGUILLA,OTHER,
C01008,FLAMINGO PLUMBING,OTHER,
C01009,K2 WORLD,OTHER,JACQUELINE.CARRILLO@K2-WORLD.COM
C01010,MARGARITAVILLE - CORPORATE,OTHER,
C01011,A CLEANER WORLD,OTHER,HOTELRELATIONS@ACLEANERSWORLD.COM
C01012,UNIVERSAL ORLANDO,OTHER,JYOTTI.PATEL@UNIVERSALORLANDO.COM
C01013,CLAY LACY AVIATION,OTHER,KAMORGAN@CLAYLACY.COM
C01014,IHG HOTELS & RESORTS,IHG,RUTH.GRANT@IHG.COM
C01015,CHAR,OTHER,DWILLIAMS@THE-CHAR.COM
C01016,TERRANEA RESORT,OTHER HOTEL,DRIVERA@TERRANEA.COM
C01017,ANDAZ MIAMI BEACH,HYATT,
C01018,BLANCHY ARREAGA,OTHER,
C01019,M&M PARKING,OTHER,
C01020,NORWEGIAN CRUISE LINE HOLDING LTD.,OTHER,
C01021,BAHIA MAR FT. LAUDERDALE BEACH - A DOUBLETREE BY HILTON,HILTON,
C01022,TIMBRI HOTEL SAN FRANCISCO,HILTON,MIA.CUTUK@HILTON.COM
C01023,PESTANA ORLANDO LAKE BUENA VISTA,OTHER,
C01024,KING AND PRINCE BEACH AND GOLF RESORT,OTHER HOTEL,AFELTON@KINGANDPRINCE.COM
C01025,1ST CLASS PARKING,OTHER,
C01026,WESTIN ST. JOHN RESORT & VILLAS,OTHER,
C01027,WESTIN VACATION CLUB,MARRIOTT,BLYNDA.BEDMINSTER@VACATIONCLUB.COM
C01028,SOUTH RIVER SUITES,OTHER,srs_manager@mpar1.com
C01029,AMRIT OCEAN RESORT,OTHER HOTEL,
C01030,CASA SANTUARIO,OTHER HOTEL,
C01031,MANHATTAN WOODS GOLF CLUB,OTHER,JL.RODRIGUEZ@MWCONLINE.COM
C01033,RENAISSANCE ORLANDO RESORT,OTHER,
C01034,DAYTRADER TIKI BAR,RESTAURANT,
C01035,SOUTH EAST AIRPORT SERVICES,OTHER,
C01036,MACH 3 AERO,OTHER,
C01037,BEYOND HOSPITALITY,OTHER,
C01038,ISLAND VIBE TOURS,OTHER,
C01039,LYFE RESORT & RESIDENCES,CHARTWELLS,
C01040,DELANO,OTHER,
C01041,BAYVIEW HOTEL,OTHER HOTEL,
C01042,THE STATLER DALLAS,HILTON,
C01043,STANDARD MIRROR & GLASS - MIAMI,OTHER,RICKGLICKMAN@BELLSOUTH.NET
C01044,"INNOVATION AVIATION SERVICES, INC",OTHER,
C01045,MAINSAIL VACATION RENTALS,OTHER HOTEL,LLOYDJONES@MAINSAILHOTELS.COM
C01046,JACKSON MEMORIAL HOSPITAL,OTHER,JUAN.JARAMILLO@JHSMIAMI.ORG
C01047,CAFE COCONUT GROVE LLC,OTHER,
C01048,TRAILBORN SURF AND SOUND,OTHER HOTEL,
C01049,WYNWOOD VALET,OTHER,
C01050,HOTEL 48LEX NEW YORK,OTHER HOTEL,ABBEY.RADER@HOTEL48LEX.COM
C01051,RIVERSIDE VALET,OTHER,
C01052,SALT RESTO BAR,OTHER,
C01053,ALLIANCE MARINE,OTHER,
C01054,AKOYA MIAMI BEACH,OTHER,
C01055,AUBERGE BEACH RESIDENCES,OTHER,
C01056,PYRMONT CURACAO,OTHER,
C01057,REGAL OAKS RESORT,OTHER,
C01058,HERITAGE LANDING GOLF & COUNTRY CLUB,OTHER,
C01059,ELEVATE STAFFING,OTHER,
C01060,MARENAS BEACH RESORT,OTHER HOTEL,
C01061,PARK RIGHT VALET,OTHER,
C01062,BRADLEY BOULDER INN,OTHER,
C01063,RENAISSANCE NEWPORT BEACH HOTEL,MARRIOTT,
C01064,AMARA CAY,OTHER,
